"rgn_id","product","year","tonnes"
2,"fish_oil",1976,136.307995513357
11,"fish_oil",1976,206.917485053474
5,"fish_oil",1976,296.218443123799
4,"fish_oil",1976,119.084792652295
3,"fish_oil",1976,372.287029153519
14,"fish_oil",1976,390.095464612847
7,"fish_oil",1976,117.760639409672
1,"fish_oil",1976,239.265005839744
8,"fish_oil",1976,92.0436177396654
9,"fish_oil",1976,536.177297511156
10,"fish_oil",1976,142.131506565205
13,"fish_oil",1976,293.606828496213
12,"fish_oil",1976,205.047823558544
6,"fish_oil",1976,261.722737437179
2,"fish_oil",1977,138.330754981297
11,"fish_oil",1977,209.988062831379
5,"fish_oil",1977,300.614213585762
4,"fish_oil",1977,120.85196625732
3,"fish_oil",1977,377.81162886739
14,"fish_oil",1977,395.884334821628
7,"fish_oil",1977,119.508163077814
1,"fish_oil",1977,242.815608679191
8,"fish_oil",1977,93.4095104633103
9,"fish_oil",1977,544.133967264463
10,"fish_oil",1977,144.240684750348
13,"fish_oil",1977,297.963843577799
12,"fish_oil",1977,208.090656261948
6,"fish_oil",1977,265.606604580352
2,"fish_oil",1978,132.772331929364
11,"fish_oil",1978,201.550297207744
5,"fish_oil",1978,288.53489706096
4,"fish_oil",1978,115.995877998372
3,"fish_oil",1978,362.630356507032
14,"fish_oil",1978,379.976862814631
7,"fish_oil",1978,114.706071680021
1,"fish_oil",1978,233.058762655802
8,"fish_oil",1978,89.6561182671984
9,"fish_oil",1978,522.269510677121
10,"fish_oil",1978,138.444788188868
13,"fish_oil",1978,285.991024539766
12,"fish_oil",1978,199.729132457537
6,"fish_oil",1978,254.933968015585
2,"fish_oil",1979,143.979152507092
11,"fish_oil",1979,218.562410992088
5,"fish_oil",1979,312.889058615461
4,"fish_oil",1979,125.786660261468
3,"fish_oil",1979,393.238641247969
14,"fish_oil",1979,412.049301879099
7,"fish_oil",1979,124.387986170895
1,"fish_oil",1979,252.730389260512
8,"fish_oil",1979,97.2236590079205
9,"fish_oil",1979,566.352344911671
10,"fish_oil",1979,150.130399781348
13,"fish_oil",1979,310.130467240548
12,"fish_oil",1979,216.587528473266
6,"fish_oil",1979,276.451999650663
2,"fish_oil",1980,167.902365390683
11,"fish_oil",1980,254.878190016117
5,"fish_oil",1980,364.877915528862
4,"fish_oil",1980,146.687054512661
3,"fish_oil",1980,458.578182180228
14,"fish_oil",1980,480.514374743749
7,"fish_oil",1980,145.055980262476
1,"fish_oil",1980,294.723433386356
8,"fish_oil",1980,113.378097003057
9,"fish_oil",1980,660.456022274095
10,"fish_oil",1980,175.07568839937
13,"fish_oil",1980,361.660963567907
12,"fish_oil",1980,252.575165998368
6,"fish_oil",1980,322.38656673607
2,"fish_oil",1981,159.83465423437
11,"fish_oil",1981,242.631289191883
5,"fish_oil",1981,347.345526256353
4,"fish_oil",1981,139.638739359835
3,"fish_oil",1981,436.543493700356
14,"fish_oil",1981,457.425651884671
7,"fish_oil",1981,138.08603825165
1,"fish_oil",1981,280.56196802507
8,"fish_oil",1981,107.930277754384
9,"fish_oil",1981,628.721100572684
10,"fish_oil",1981,166.663298965712
13,"fish_oil",1981,344.283148885007
12,"fish_oil",1981,240.438925512469
6,"fish_oil",1981,306.895887405555
2,"fish_oil",1982,156.915482415728
11,"fish_oil",1982,238.199944655729
5,"fish_oil",1982,341.001712541889
4,"fish_oil",1982,137.088419626718
3,"fish_oil",1982,428.570595266499
14,"fish_oil",1982,449.071368024881
7,"fish_oil",1982,135.564076582306
1,"fish_oil",1982,275.43786903437
8,"fish_oil",1982,105.959071780886
9,"fish_oil",1982,617.238328408109
10,"fish_oil",1982,163.619410843496
13,"fish_oil",1982,337.995265505321
12,"fish_oil",1982,236.047621643965
6,"fish_oil",1982,301.290833670102
2,"fish_oil",1983,141.109966507263
11,"fish_oil",1983,214.206945643197
5,"fish_oil",1983,306.653871848163
4,"fish_oil",1983,123.280010386795
3,"fish_oil",1983,385.402265047569
14,"fish_oil",1983,403.838070825127
7,"fish_oil",1983,121.90920877671
1,"fish_oil",1983,247.694031690885
8,"fish_oil",1983,95.2862065613663
9,"fish_oil",1983,555.066195558133
10,"fish_oil",1983,147.138633031087
13,"fish_oil",1983,303.950253096815
12,"fish_oil",1983,212.271418164154
6,"fish_oil",1983,270.942922862735
2,"fish_oil",1984,118.416404766457
11,"fish_oil",1984,179.757794625836
5,"fish_oil",1984,257.337237835033
4,"fish_oil",1984,103.453894653318
3,"fish_oil",1984,323.421171058339
14,"fish_oil",1984,338.892096983608
7,"fish_oil",1984,102.303547854065
1,"fish_oil",1984,207.859426523453
8,"fish_oil",1984,79.9621053290389
9,"fish_oil",1984,465.799439347226
10,"fish_oil",1984,123.475530163176
13,"fish_oil",1984,255.068419973912
12,"fish_oil",1984,178.133542200099
6,"fish_oil",1984,227.36938868644
2,"fish_oil",1985,120.135916933601
11,"fish_oil",1985,182.36803866768
5,"fish_oil",1985,261.074004817525
4,"fish_oil",1985,104.956137783784
3,"fish_oil",1985,328.117535889241
14,"fish_oil",1985,343.813113503759
7,"fish_oil",1985,103.78908691957
1,"fish_oil",1985,210.877731408386
8,"fish_oil",1985,81.1232266558936
9,"fish_oil",1985,472.563264046907
10,"fish_oil",1985,125.268505358454
13,"fish_oil",1985,258.772241690714
12,"fish_oil",1985,180.720200643191
6,"fish_oil",1985,230.670995681296
2,"fish_oil",1986,120.965681525886
11,"fish_oil",1986,183.627633176244
5,"fish_oil",1986,262.877212140472
4,"fish_oil",1986,105.681057433951
3,"fish_oil",1986,330.383804964618
14,"fish_oil",1986,346.187790080343
7,"fish_oil",1986,104.505945887226
1,"fish_oil",1986,212.334238998208
8,"fish_oil",1986,81.6835352031549
9,"fish_oil",1986,475.827202710125
10,"fish_oil",1986,126.133720132919
13,"fish_oil",1986,260.559551007542
12,"fish_oil",1986,181.968413729101
6,"fish_oil",1986,232.264213010209
2,"fish_oil",1987,135.341603016318
11,"fish_oil",1987,205.450487433057
5,"fish_oil",1987,294.118322145266
4,"fish_oil",1987,118.240508722382
3,"fish_oil",1987,369.647599306694
14,"fish_oil",1987,387.329777033693
7,"fish_oil",1987,116.925743423245
1,"fish_oil",1987,237.568671698987
8,"fish_oil",1987,91.3910495520919
9,"fish_oil",1987,532.375923164436
10,"fish_oil",1987,141.123826707394
13,"fish_oil",1987,291.525223267778
12,"fish_oil",1987,203.594081410295
6,"fish_oil",1987,259.867183118364
2,"fish_oil",1988,160.774387628042
11,"fish_oil",1988,244.057817912426
5,"fish_oil",1988,349.387712863064
4,"fish_oil",1988,140.459732698578
3,"fish_oil",1988,439.110111689338
14,"fish_oil",1988,460.115044634056
7,"fish_oil",1988,138.897902624659
1,"fish_oil",1988,282.211506741255
8,"fish_oil",1988,108.56484406092
9,"fish_oil",1988,632.417609420184
10,"fish_oil",1988,167.64318075848
13,"fish_oil",1988,346.307330520934
12,"fish_oil",1988,241.852564429042
6,"fish_oil",1988,308.700254019023
2,"fish_oil",1989,189.846139849304
11,"fish_oil",1989,288.189153224535
5,"fish_oil",1989,412.56514533451
4,"fish_oil",1989,165.858122369481
3,"fish_oil",1989,518.511442667611
14,"fish_oil",1989,543.314556497993
7,"fish_oil",1989,164.013877057721
1,"fish_oil",1989,333.241917237684
8,"fish_oil",1989,128.195895331232
9,"fish_oil",1989,746.773436319444
10,"fish_oil",1989,197.956970687945
13,"fish_oil",1989,408.927758151507
12,"fish_oil",1989,285.58513857154
6,"fish_oil",1989,364.520446699493
2,"fish_oil",1990,202.25262007853
11,"fish_oil",1990,307.022367503189
5,"fish_oil",1990,439.526353620983
4,"fish_oil",1990,176.696981235228
3,"fish_oil",1990,552.396261011503
14,"fish_oil",1990,578.820262902101
7,"fish_oil",1990,174.732214152435
1,"fish_oil",1990,355.019337948161
8,"fish_oil",1990,136.573520718597
9,"fish_oil",1990,795.575218018887
10,"fish_oil",1990,210.893495207363
13,"fish_oil",1990,435.651262515173
12,"fish_oil",1990,304.248180012681
6,"fish_oil",1990,388.341925075168
2,"fish_oil",1991,236.862801024201
11,"fish_oil",1991,359.561116764029
5,"fish_oil",1991,514.739651838365
4,"fish_oil",1991,206.933991221702
3,"fish_oil",1991,646.924255456751
14,"fish_oil",1991,677.870025650708
7,"fish_oil",1991,204.633006273227
1,"fish_oil",1991,415.771497899549
8,"fish_oil",1991,159.944462774244
9,"fish_oil",1991,931.716852381073
10,"fish_oil",1991,246.982333149526
13,"fish_oil",1991,510.201441489397
12,"fish_oil",1991,356.312200535834
6,"fish_oil",1991,454.796363541394
2,"fish_oil",1992,302.604149926203
11,"fish_oil",1992,459.357423852209
5,"fish_oil",1992,657.60581275041
4,"fish_oil",1992,264.368589046963
3,"fish_oil",1992,826.478296898679
14,"fish_oil",1992,866.013075862967
7,"fish_oil",1992,261.428964963673
1,"fish_oil",1992,531.1690148956
8,"fish_oil",1992,204.337101410272
9,"fish_oil",1992,1190.31517345725
10,"fish_oil",1992,315.53236154573
13,"fish_oil",1992,651.808020615479
12,"fish_oil",1992,455.206769848443
6,"fish_oil",1992,581.025244926116
2,"fish_oil",1993,317.289983493272
11,"fish_oil",1993,481.650729070052
5,"fish_oil",1993,689.520409827629
4,"fish_oil",1993,277.198793457746
3,"fish_oil",1993,866.588529088185
14,"fish_oil",1993,908.04199021239
7,"fish_oil",1993,274.116505005684
1,"fish_oil",1993,556.947444407036
8,"fish_oil",1993,214.253887626259
9,"fish_oil",1993,1248.08295534
10,"fish_oil",1993,330.84562062633
13,"fish_oil",1993,683.441242138627
12,"fish_oil",1993,477.298637597869
6,"fish_oil",1993,609.223272108925
2,"fish_oil",1994,329.366557318335
11,"fish_oil",1994,499.983140712772
5,"fish_oil",1994,715.76468026281
4,"fish_oil",1994,287.749431257764
3,"fish_oil",1994,899.572300691265
14,"fish_oil",1994,942.603548098097
7,"fish_oil",1994,284.549825884343
1,"fish_oil",1994,578.145771738427
8,"fish_oil",1994,222.408739735797
9,"fish_oil",1994,1295.58702648659
10,"fish_oil",1994,343.43814409084
13,"fish_oil",1994,709.454129544999
12,"fish_oil",1994,495.465401547022
6,"fish_oil",1994,632.411302630936
2,"fish_oil",1995,312.0614668455
11,"fish_oil",1995,473.713766082352
5,"fish_oil",1995,678.158031154119
4,"fish_oil",1995,272.630926264527
3,"fish_oil",1995,852.30830346864
14,"fish_oil",1995,893.078666723794
7,"fish_oil",1995,269.599429823947
1,"fish_oil",1995,547.769691762733
8,"fish_oil",1995,210.723268707974
9,"fish_oil",1995,1227.5162093055
10,"fish_oil",1995,325.393725119759
13,"fish_oil",1995,672.179040057887
12,"fish_oil",1995,469.433391285446
6,"fish_oil",1995,599.184083397823
2,"fish_oil",1996,271.22305287581
11,"fish_oil",1996,411.720470088554
5,"fish_oil",1996,589.409815319919
4,"fish_oil",1996,236.952651915957
3,"fish_oil",1996,740.769638734718
14,"fish_oil",1996,776.204524370223
7,"fish_oil",1996,234.317877018218
1,"fish_oil",1996,476.084950745569
8,"fish_oil",1996,183.146637195173
9,"fish_oil",1996,1066.87537268807
10,"fish_oil",1996,282.810564231909
13,"fish_oil",1996,584.213274283853
12,"fish_oil",1996,408.000253262026
6,"fish_oil",1996,520.770917269997
2,"fish_oil",1997,294.606418916227
11,"fish_oil",1997,447.216753890143
5,"fish_oil",1997,640.225501203932
4,"fish_oil",1997,257.381411695958
3,"fish_oil",1997,804.634739545647
14,"fish_oil",1997,843.124626932035
7,"fish_oil",1997,254.519480938071
1,"fish_oil",1997,517.130387523818
8,"fish_oil",1997,198.93653709932
9,"fish_oil",1997,1158.8555236913
10,"fish_oil",1997,307.19294203281
13,"fish_oil",1997,634.580942862915
12,"fish_oil",1997,443.175800345693
6,"fish_oil",1997,565.668933322135
2,"fish_oil",1998,293.016869877994
11,"fish_oil",1998,444.803795735183
5,"fish_oil",1998,636.77116428407
4,"fish_oil",1998,255.992710197446
3,"fish_oil",1998,800.293332521731
14,"fish_oil",1998,838.575547707012
7,"fish_oil",1998,253.146220987983
1,"fish_oil",1998,514.340210333676
8,"fish_oil",1998,197.863174942518
9,"fish_oil",1998,1152.60291830031
10,"fish_oil",1998,305.535482404617
13,"fish_oil",1998,631.157061159592
12,"fish_oil",1998,440.784645157021
6,"fish_oil",1998,562.616866390844
2,"fish_oil",1999,287.81834472151
11,"fish_oil",1999,436.91236025984
5,"fish_oil",1999,625.473961778859
4,"fish_oil",1999,251.451044919293
3,"fish_oil",1999,786.09502024226
14,"fish_oil",1999,823.698055901907
7,"fish_oil",1999,248.655056371342
1,"fish_oil",1999,505.215102542018
8,"fish_oil",1999,194.352808140399
9,"fish_oil",1999,1132.15414595244
10,"fish_oil",1999,300.114859721219
13,"fish_oil",1999,619.959460620425
12,"fish_oil",1999,432.964514980233
6,"fish_oil",1999,552.635263848256
2,"fish_oil",2000,266.344436959725
11,"fish_oil",2000,404.314661411694
5,"fish_oil",2000,578.807825276567
4,"fish_oil",2000,232.690473731844
3,"fish_oil",2000,727.445068749368
14,"fish_oil",2000,762.242570522355
7,"fish_oil",2000,230.103091762601
1,"fish_oil",2000,467.521388048782
8,"fish_oil",2000,179.852292965492
9,"fish_oil",2000,1047.68498633084
10,"fish_oil",2000,277.723518329028
13,"fish_oil",2000,573.704756854789
12,"fish_oil",2000,400.661361865348
6,"fish_oil",2000,511.403567191568
2,"fish_oil",2001,222.726811464068
11,"fish_oil",2001,338.102482606078
5,"fish_oil",2001,484.019951179966
4,"fish_oil",2001,194.584155253801
3,"fish_oil",2001,608.315767835266
14,"fish_oil",2001,637.414692165286
7,"fish_oil",2001,192.420493257976
1,"fish_oil",2001,390.958224019924
8,"fish_oil",2001,150.398965354635
9,"fish_oil",2001,876.111921419742
10,"fish_oil",2001,232.242409160439
13,"fish_oil",2001,479.752581561739
12,"fish_oil",2001,335.047461939723
6,"fish_oil",2001,427.654082781358
2,"fish_oil",2002,220.857341840486
11,"fish_oil",2002,335.264601002445
5,"fish_oil",2002,479.957303355976
4,"fish_oil",2002,192.950902548003
3,"fish_oil",2002,603.209836303995
14,"fish_oil",2002,632.064517227681
7,"fish_oil",2002,190.805401366992
1,"fish_oil",2002,387.67669487177
8,"fish_oil",2002,149.13658344695
9,"fish_oil",2002,868.758228286949
10,"fish_oil",2002,230.293069849294
13,"fish_oil",2002,475.725752137077
12,"fish_oil",2002,332.235222818455
6,"fish_oil",2002,424.064544943928
2,"fish_oil",2003,211.300053283565
11,"fish_oil",2003,320.756500397776
5,"fish_oil",2003,459.187831057936
4,"fish_oil",2003,184.601225613552
3,"fish_oil",2003,577.106785267121
14,"fish_oil",2003,604.712820755217
7,"fish_oil",2003,182.548567956397
1,"fish_oil",2003,370.90053516249
8,"fish_oil",2003,142.682909095362
9,"fish_oil",2003,831.163946816628
10,"fish_oil",2003,220.327463531354
13,"fish_oil",2003,455.139394222762
12,"fish_oil",2003,317.858214262668
6,"fish_oil",2003,405.713752577171
2,"fish_oil",2004,169.451925773866
11,"fish_oil",2004,257.230444821267
5,"fish_oil",2004,368.245350890992
4,"fish_oil",2004,148.040820124419
3,"fish_oil",2004,462.810371417378
14,"fish_oil",2004,484.949011724117
7,"fish_oil",2004,146.394692792436
1,"fish_oil",2004,297.443417439639
8,"fish_oil",2004,114.424456338304
9,"fish_oil",2004,666.551329416249
10,"fish_oil",2004,176.691450929999
13,"fish_oil",2004,364.998709882466
12,"fish_oil",2004,254.906166339526
6,"fish_oil",2004,325.361852109342
2,"fish_oil",2005,134.491844096508
11,"fish_oil",2005,204.160541249588
5,"fish_oil",2005,292.271664043452
4,"fish_oil",2005,117.498121128838
3,"fish_oil",2005,367.326721337934
14,"fish_oil",2005,384.897879334781
7,"fish_oil",2005,116.191610745525
1,"fish_oil",2005,236.077067540735
8,"fish_oil",2005,90.8172395940532
9,"fish_oil",2005,529.033335376802
10,"fish_oil",2005,140.237763384146
13,"fish_oil",2005,289.694846256568
12,"fish_oil",2005,202.315790900628
6,"fish_oil",2005,258.235575010441
2,"fish_oil",2006,88.5848680992463
11,"fish_oil",2006,134.47309566733
5,"fish_oil",2006,192.508675766672
4,"fish_oil",2006,77.3917231340692
3,"fish_oil",2006,241.944702131527
14,"fish_oil",2006,253.518182471233
7,"fish_oil",2006,76.531172438571
1,"fish_oil",2006,155.495346426704
8,"fish_oil",2006,59.8180004491864
9,"fish_oil",2006,348.4549457202
10,"fish_oil",2006,92.3694953799834
13,"fish_oil",2006,190.811419956846
12,"fish_oil",2006,133.25802595484
6,"fish_oil",2006,170.090346403592
2,"fish_oil",2007,70.8898882396745
11,"fish_oil",2007,107.61186337626
5,"fish_oil",2007,154.05473647009
4,"fish_oil",2007,61.9325932449706
3,"fish_oil",2007,193.615831487943
14,"fish_oil",2007,202.877489211546
7,"fish_oil",2007,61.2439390319272
1,"fish_oil",2007,124.434883366636
8,"fish_oil",2007,47.8692519112043
9,"fish_oil",2007,278.850470613016
10,"fish_oil",2007,73.9185297076473
13,"fish_oil",2007,152.696510429296
12,"fish_oil",2007,106.639505930005
6,"fish_oil",2007,136.114506979784
2,"fish_oil",2008,76.878189333394
11,"fish_oil",2008,116.702190010357
5,"fish_oil",2008,167.068244740515
4,"fish_oil",2008,67.1642422865356
3,"fish_oil",2008,209.971195056026
14,"fish_oil",2008,220.015215348582
7,"fish_oil",2008,66.4174151960965
1,"fish_oil",2008,134.946305611258
8,"fish_oil",2008,51.9129244390299
9,"fish_oil",2008,302.405883375278
10,"fish_oil",2008,80.1626700679463
13,"fish_oil",2008,165.595284896529
12,"fish_oil",2008,115.647694345189
6,"fish_oil",2008,147.612545293265
2,"fish_oil",2009,87.4851800853746
11,"fish_oil",2009,132.803753547546
5,"fish_oil",2009,190.118882929031
4,"fish_oil",2009,76.430986248306
3,"fish_oil",2009,238.941212995485
14,"fish_oil",2009,250.37102074323
7,"fish_oil",2009,75.5811183850508
1,"fish_oil",2009,153.565035163084
8,"fish_oil",2009,59.0754228564305
9,"fish_oil",2009,344.12924387738
10,"fish_oil",2009,91.2228251969569
13,"fish_oil",2009,188.442696765868
12,"fish_oil",2009,131.603767648212
6,"fish_oil",2009,167.978853558044
2,"fish_oil",2010,92.9203047842376
11,"fish_oil",2010,141.054350509267
5,"fish_oil",2010,201.930252984158
4,"fish_oil",2010,81.1793555230933
3,"fish_oil",2010,253.785730513317
14,"fish_oil",2010,265.925629162543
7,"fish_oil",2010,80.2766885707828
1,"fish_oil",2010,163.105452347825
8,"fish_oil",2010,62.7455563527487
9,"fish_oil",2010,365.50869753083
10,"fish_oil",2010,96.8901557076124
13,"fish_oil",2010,200.149931688549
12,"fish_oil",2010,139.779814006123
6,"fish_oil",2010,178.414746985583
2,"fish_oil",2011,92.493759130372
11,"fish_oil",2011,140.40684811129
5,"fish_oil",2011,201.003303035012
4,"fish_oil",2011,80.8067060643729
3,"fish_oil",2011,252.620740787822
14,"fish_oil",2011,264.704911886226
7,"fish_oil",2011,79.9081827560839
1,"fish_oil",2011,162.356725554663
8,"fish_oil",2011,62.4575262561644
9,"fish_oil",2011,363.830849543312
10,"fish_oil",2011,96.4453866669232
13,"fish_oil",2011,199.231154208412
12,"fish_oil",2011,139.138162299309
6,"fish_oil",2011,177.595743700037
2,"ornamentals",1976,0.399886550498798
11,"ornamentals",1976,0.607033498103286
5,"ornamentals",1976,0.869015577323876
4,"ornamentals",1976,0.34935886755025
3,"ornamentals",1976,1.09217786765163
14,"ornamentals",1976,1.14442244654659
7,"ornamentals",1976,0.345474201280086
1,"ornamentals",1976,0.701931368589118
8,"ornamentals",1976,0.27002821554762
9,"ornamentals",1976,1.57298248829793
10,"ornamentals",1976,0.416970975646015
13,"ornamentals",1976,0.861353887628239
12,"ornamentals",1976,0.601548475137525
6,"ornamentals",1976,0.767815580199037
2,"ornamentals",1977,0.369895059211388
11,"ornamentals",1977,0.56150598574554
5,"ornamentals",1977,0.803839409024585
4,"ornamentals",1977,0.323156952483982
3,"ornamentals",1977,1.01026452757776
14,"ornamentals",1977,1.05859076305559
7,"ornamentals",1977,0.31956363618408
1,"ornamentals",1977,0.649286515944934
8,"ornamentals",1977,0.249776099381548
9,"ornamentals",1977,1.45500880167559
10,"ornamentals",1977,0.385698152472564
13,"ornamentals",1977,0.796752346056121
12,"ornamentals",1977,0.55643233950221
6,"ornamentals",1977,0.710229411684109
2,"ornamentals",1978,0.409883714261268
11,"ornamentals",1978,0.622209335555868
5,"ornamentals",1978,0.890740966756972
4,"ornamentals",1978,0.358092839239007
3,"ornamentals",1978,1.11948231434292
14,"ornamentals",1978,1.17303300771025
7,"ornamentals",1978,0.354111056312088
1,"ornamentals",1978,0.719479652803846
8,"ornamentals",1978,0.27677892093631
9,"ornamentals",1978,1.61230705050538
10,"ornamentals",1978,0.427395250037165
13,"ornamentals",1978,0.882887734818945
12,"ornamentals",1978,0.616587187015963
6,"ornamentals",1978,0.787010969704012
2,"ornamentals",1979,0.579835498223258
11,"ornamentals",1979,0.880198572249765
5,"ornamentals",1979,1.26007258711962
4,"ornamentals",1979,0.506570357947863
3,"ornamentals",1979,1.58365790809486
14,"ornamentals",1979,1.65941254749255
7,"ornamentals",1979,0.500937591856125
1,"ornamentals",1979,1.01780048445422
8,"ornamentals",1979,0.391540912544048
9,"ornamentals",1979,2.280824608032
10,"ornamentals",1979,0.604607914686721
13,"ornamentals",1979,1.24896313706095
12,"ornamentals",1979,0.87224528894941
6,"ornamentals",1979,1.1133325912886
2,"ornamentals",1980,0.619824153273137
11,"ornamentals",1980,0.940901922060093
5,"ornamentals",1980,1.34697414485201
4,"ornamentals",1980,0.541506244702888
3,"ornamentals",1980,1.69287569486003
14,"ornamentals",1980,1.77385479214721
7,"ornamentals",1980,0.535485011984133
1,"ornamentals",1980,1.08799362131313
8,"ornamentals",1980,0.41854373409881
9,"ornamentals",1980,2.4381228568618
10,"ornamentals",1980,0.646305012251323
13,"ornamentals",1980,1.33509852582377
12,"ornamentals",1980,0.932400136463163
6,"ornamentals",1980,1.19011414930851
2,"ornamentals",1981,0.869753247334886
11,"ornamentals",1981,1.32029785837465
5,"ornamentals",1981,1.89010888067943
4,"ornamentals",1981,0.759855536921795
3,"ornamentals",1981,2.37548686214229
14,"ornamentals",1981,2.48911882123883
7,"ornamentals",1981,0.751406387784187
1,"ornamentals",1981,1.52670072668133
8,"ornamentals",1981,0.587311368816073
9,"ornamentals",1981,3.42123691204801
10,"ornamentals",1981,0.906911872030082
13,"ornamentals",1981,1.87344470559142
12,"ornamentals",1981,1.30836793342412
6,"ornamentals",1981,1.6699988869329
2,"ornamentals",1982,1.23964830654627
11,"ornamentals",1982,1.88180384412019
5,"ornamentals",1982,2.69394828970401
4,"ornamentals",1982,1.08301248940578
3,"ornamentals",1982,3.38575138972005
14,"ornamentals",1982,3.54770958429442
7,"ornamentals",1982,1.07097002396827
1,"ornamentals",1982,2.17598724262627
8,"ornamentals",1982,0.837087468197621
9,"ornamentals",1982,4.87624571372359
10,"ornamentals",1982,1.29261002450265
13,"ornamentals",1982,2.67019705164754
12,"ornamentals",1982,1.86480027292633
6,"ornamentals",1982,2.38022829861701
2,"ornamentals",1983,1.48957740060802
11,"ornamentals",1983,2.26119978043474
5,"ornamentals",1983,3.23708302553144
4,"ornamentals",1983,1.30136178162468
3,"ornamentals",1983,4.06836255700232
14,"ornamentals",1983,4.26297361338604
7,"ornamentals",1983,1.28689139976832
1,"ornamentals",1983,2.61469434799446
8,"ornamentals",1983,1.00585510291488
9,"ornamentals",1983,5.8593597689098
10,"ornamentals",1983,1.5532168842814
13,"ornamentals",1983,3.20854323141519
12,"ornamentals",1983,2.24076806988728
6,"ornamentals",1983,2.86011303624141
2,"ornamentals",1984,1.87946678734435
11,"ornamentals",1984,2.85305744108544
5,"ornamentals",1984,4.08437321342222
4,"ornamentals",1984,1.64198667748618
3,"ornamentals",1984,5.13323597796266
14,"ornamentals",1984,5.37878549876896
7,"ornamentals",1984,1.6237287460164
1,"ornamentals",1984,3.29907743236885
8,"ornamentals",1984,1.26913261307381
9,"ornamentals",1984,7.39301769500029
10,"ornamentals",1984,1.95976358553627
13,"ornamentals",1984,4.04836327185273
12,"ornamentals",1984,2.82727783314636
6,"ornamentals",1984,3.60873322693547
2,"ornamentals",1985,2.00942991625646
11,"ornamentals",1985,3.05034332796901
5,"ornamentals",1985,4.36680327605248
4,"ornamentals",1985,1.75552830944001
3,"ornamentals",1985,5.48819378494944
14,"ornamentals",1985,5.75072279389661
7,"ornamentals",1985,1.73600786143243
1,"ornamentals",1985,3.52720512716032
8,"ornamentals",1985,1.35689178312679
9,"ornamentals",1985,7.90423700369712
10,"ornamentals",1985,2.09527915262122
13,"ornamentals",1985,4.3283032853319
12,"ornamentals",1985,3.02278108756606
6,"ornamentals",1985,3.85827329050016
2,"ornamentals",1986,1.76949798595718
11,"ornamentals",1986,2.68612322910704
5,"ornamentals",1986,3.84539392965815
4,"ornamentals",1986,1.54591298890986
3,"ornamentals",1986,4.83288706435846
14,"ornamentals",1986,5.06406932596865
7,"ornamentals",1986,1.52872334066438
1,"ornamentals",1986,3.10604630600685
8,"ornamentals",1986,1.19487485379822
9,"ornamentals",1986,6.96044751071836
10,"ornamentals",1986,1.84509656723361
13,"ornamentals",1986,3.81149095275496
12,"ornamentals",1986,2.66185200248355
6,"ornamentals",1986,3.39758394238074
2,"ornamentals",1987,1.50957172813296
11,"ornamentals",1987,2.2915514553399
5,"ornamentals",1987,3.28053380439763
4,"ornamentals",1987,1.3188297250022
3,"ornamentals",1987,4.1229714503849
14,"ornamentals",1987,4.32019473571337
7,"ornamentals",1987,1.30416510983232
1,"ornamentals",1987,2.64979091642392
8,"ornamentals",1987,1.01935651369226
9,"ornamentals",1987,5.9380088933247
10,"ornamentals",1987,1.57406543306371
13,"ornamentals",1987,3.2516109257966
12,"ornamentals",1987,2.27084549364415
6,"ornamentals",1987,2.89850381525136
2,"ornamentals",1988,1.16966816020898
11,"ornamentals",1988,1.77557298195211
5,"ornamentals",1988,2.54187056367234
4,"ornamentals",1988,1.02187468758448
3,"ornamentals",1988,3.19462026288102
14,"ornamentals",1988,3.34743565614877
7,"ornamentals",1988,1.01051203874425
1,"ornamentals",1988,2.05314925312317
8,"ornamentals",1988,0.789832530476787
9,"ornamentals",1988,4.60097377827146
10,"ornamentals",1988,1.21964010376459
13,"ornamentals",1988,2.5194601213126
12,"ornamentals",1988,1.75952928977726
6,"ornamentals",1988,2.24586057208218
2,"ornamentals",1989,0.889747574859826
11,"ornamentals",1989,1.35064953327981
5,"ornamentals",1989,1.93355965954562
4,"ornamentals",1989,0.777323480299307
3,"ornamentals",1989,2.43009575552488
14,"ornamentals",1989,2.54633994356616
7,"ornamentals",1989,0.768680097848191
1,"ornamentals",1989,1.56179729511079
8,"ornamentals",1989,0.600812779593454
9,"ornamentals",1989,3.4998860364629
10,"ornamentals",1989,0.927760420812383
13,"ornamentals",1989,1.91651239997283
12,"ornamentals",1989,1.33844535718099
6,"ornamentals",1989,1.70838966594286
2,"ornamentals",1990,0.769781609710187
11,"ornamentals",1990,1.16853948384883
5,"ornamentals",1990,1.67285498634846
4,"ornamentals",1990,0.672515820034232
3,"ornamentals",1990,2.10244239522939
14,"ornamentals",1990,2.20301320960218
7,"ornamentals",1990,0.665037837464166
1,"ornamentals",1990,1.35121788453405
8,"ornamentals",1990,0.519804314929168
9,"ornamentals",1990,3.02799128997352
10,"ornamentals",1990,0.802669128118578
13,"ornamentals",1990,1.65810623368436
12,"ornamentals",1990,1.15798081463973
6,"ornamentals",1990,1.47804499188315
2,"ornamentals",1991,0.669809972085487
11,"ornamentals",1991,1.016781109323
5,"ornamentals",1991,1.45560109201749
4,"ornamentals",1991,0.585176103146669
3,"ornamentals",1991,1.82939792831648
14,"ornamentals",1991,1.91690759796553
7,"ornamentals",1991,0.578669287144144
1,"ornamentals",1991,1.17573504238677
8,"ornamentals",1991,0.452297261042263
9,"ornamentals",1991,2.63474566789904
10,"ornamentals",1991,0.698426384207075
13,"ornamentals",1991,1.4427677617773
12,"ornamentals",1991,1.00759369585535
6,"ornamentals",1991,1.28609109683339
2,"ornamentals",1992,0.629821317035607
11,"ornamentals",1992,0.956077759512675
5,"ornamentals",1992,1.3686995342851
4,"ornamentals",1992,0.550240216391644
3,"ornamentals",1992,1.72018014155132
14,"ornamentals",1992,1.80246535331088
7,"ornamentals",1992,0.544121867016135
1,"ornamentals",1992,1.10554190552786
8,"ornamentals",1992,0.425294439487501
9,"ornamentals",1992,2.47744741906925
10,"ornamentals",1992,0.656729286642473
13,"ornamentals",1992,1.35663237301448
12,"ornamentals",1992,0.947438848341601
6,"ornamentals",1992,1.20930953881348
2,"ornamentals",1993,0.459869533073618
11,"ornamentals",1993,0.698088522818779
5,"ornamentals",1993,0.999367913922457
4,"ornamentals",1993,0.401762697682788
3,"ornamentals",1993,1.25600454779937
14,"ornamentals",1993,1.31608581352858
7,"ornamentals",1993,0.397295331472099
1,"ornamentals",1993,0.807221073877486
8,"ornamentals",1993,0.310532447879763
9,"ornamentals",1993,1.80892986154262
10,"ornamentals",1993,0.479516621992917
13,"ornamentals",1993,0.990556970772475
12,"ornamentals",1993,0.691780746408153
6,"ornamentals",1993,0.882987917228892
2,"ornamentals",1994,0.309912076636569
11,"ornamentals",1994,0.470450961030047
5,"ornamentals",1994,0.673487072426004
4,"ornamentals",1994,0.270753122351444
3,"ornamentals",1994,0.846437847430013
14,"ornamentals",1994,0.886927396073606
7,"ornamentals",1994,0.267742505992067
1,"ornamentals",1994,0.543996810656566
8,"ornamentals",1994,0.209271867049405
9,"ornamentals",1994,1.2190614284309
10,"ornamentals",1994,0.323152506125661
13,"ornamentals",1994,0.667549262911886
12,"ornamentals",1994,0.466200068231581
6,"ornamentals",1994,0.595057074654253
2,"ornamentals",1995,0.159954620199519
11,"ornamentals",1995,0.242813399241314
5,"ornamentals",1995,0.34760623092955
4,"ornamentals",1995,0.1397435470201
3,"ornamentals",1995,0.436871147060652
14,"ornamentals",1995,0.457768978618635
7,"ornamentals",1995,0.138189680512034
1,"ornamentals",1995,0.280772547435647
8,"ornamentals",1995,0.108011286219048
9,"ornamentals",1995,0.629192995319173
10,"ornamentals",1995,0.166788390258406
13,"ornamentals",1995,0.344541555051296
12,"ornamentals",1995,0.24061939005501
6,"ornamentals",1995,0.307126232079615
2,"ornamentals",1996,0
11,"ornamentals",1996,0
5,"ornamentals",1996,0
4,"ornamentals",1996,0
3,"ornamentals",1996,0
14,"ornamentals",1996,0
7,"ornamentals",1996,0
1,"ornamentals",1996,0
8,"ornamentals",1996,0
9,"ornamentals",1996,0
10,"ornamentals",1996,0
13,"ornamentals",1996,0
12,"ornamentals",1996,0
6,"ornamentals",1996,0
2,"ornamentals",1997,0
11,"ornamentals",1997,0
5,"ornamentals",1997,0
4,"ornamentals",1997,0
3,"ornamentals",1997,0
14,"ornamentals",1997,0
7,"ornamentals",1997,0
1,"ornamentals",1997,0
8,"ornamentals",1997,0
9,"ornamentals",1997,0
10,"ornamentals",1997,0
13,"ornamentals",1997,0
12,"ornamentals",1997,0
6,"ornamentals",1997,0
2,"ornamentals",1998,0.0199943275249399
11,"ornamentals",1998,0.0303516749051643
5,"ornamentals",1998,0.0434507788661938
4,"ornamentals",1998,0.0174679433775125
3,"ornamentals",1998,0.0546088933825815
14,"ornamentals",1998,0.0572211223273294
7,"ornamentals",1998,0.0172737100640043
1,"ornamentals",1998,0.0350965684294559
8,"ornamentals",1998,0.013501410777381
9,"ornamentals",1998,0.0786491244148967
10,"ornamentals",1998,0.0208485487823007
13,"ornamentals",1998,0.043067694381412
12,"ornamentals",1998,0.0300774237568762
6,"ornamentals",1998,0.0383907790099518
2,"ornamentals",1999,0.0199943275249399
11,"ornamentals",1999,0.0303516749051643
5,"ornamentals",1999,0.0434507788661938
4,"ornamentals",1999,0.0174679433775125
3,"ornamentals",1999,0.0546088933825815
14,"ornamentals",1999,0.0572211223273294
7,"ornamentals",1999,0.0172737100640043
1,"ornamentals",1999,0.0350965684294559
8,"ornamentals",1999,0.013501410777381
9,"ornamentals",1999,0.0786491244148967
10,"ornamentals",1999,0.0208485487823007
13,"ornamentals",1999,0.043067694381412
12,"ornamentals",1999,0.0300774237568762
6,"ornamentals",1999,0.0383907790099518
2,"ornamentals",2000,2.33933632041797
11,"ornamentals",2000,3.55114596390422
5,"ornamentals",2000,5.08374112734467
4,"ornamentals",2000,2.04374937516896
3,"ornamentals",2000,6.38924052576203
14,"ornamentals",2000,6.69487131229754
7,"ornamentals",2000,2.0210240774885
1,"ornamentals",2000,4.10629850624634
8,"ornamentals",2000,1.57966506095357
9,"ornamentals",2000,9.20194755654291
10,"ornamentals",2000,2.43928020752919
13,"ornamentals",2000,5.0389202426252
12,"ornamentals",2000,3.51905857955452
6,"ornamentals",2000,4.49172114416436
2,"ornamentals",2001,2.83919450854147
11,"ornamentals",2001,4.30993783653333
5,"ornamentals",2001,6.17001059899952
4,"ornamentals",2001,2.48044795960678
3,"ornamentals",2001,7.75446286032657
14,"ornamentals",2001,8.12539937048077
7,"ornamentals",2001,2.45286682908861
1,"ornamentals",2001,4.98371271698274
8,"ornamentals",2001,1.9172003303881
9,"ornamentals",2001,11.1681756669153
10,"ornamentals",2001,2.9604939270867
13,"ornamentals",2001,6.1156126021605
12,"ornamentals",2001,4.27099417347642
6,"ornamentals",2001,5.45149061941316
2,"ornamentals",2002,2.81920018101653
11,"ornamentals",2002,4.27958616162817
5,"ornamentals",2002,6.12655982013332
4,"ornamentals",2002,2.46298001622927
3,"ornamentals",2002,7.69985396694399
14,"ornamentals",2002,8.06817824815345
7,"ornamentals",2002,2.43559311902461
1,"ornamentals",2002,4.94861614855328
8,"ornamentals",2002,1.90369891961072
9,"ornamentals",2002,11.0895265425004
10,"ornamentals",2002,2.9396453783044
13,"ornamentals",2002,6.07254490777909
12,"ornamentals",2002,4.24091674971955
6,"ornamentals",2002,5.41309984040321
2,"ornamentals",2003,2.81920018101653
11,"ornamentals",2003,4.27958616162817
5,"ornamentals",2003,6.12655982013332
4,"ornamentals",2003,2.46298001622927
3,"ornamentals",2003,7.69985396694399
14,"ornamentals",2003,8.06817824815345
7,"ornamentals",2003,2.43559311902461
1,"ornamentals",2003,4.94861614855328
8,"ornamentals",2003,1.90369891961072
9,"ornamentals",2003,11.0895265425004
10,"ornamentals",2003,2.9396453783044
13,"ornamentals",2003,6.07254490777909
12,"ornamentals",2003,4.24091674971955
6,"ornamentals",2003,5.41309984040321
2,"ornamentals",2004,0.509855351885968
11,"ornamentals",2004,0.77396771008169
5,"ornamentals",2004,1.10799486108794
4,"ornamentals",2004,0.445432556126569
3,"ornamentals",2004,1.39252678125583
14,"ornamentals",2004,1.4591386193469
7,"ornamentals",2004,0.44047960663211
1,"ornamentals",2004,0.894962494951126
8,"ornamentals",2004,0.344285974823215
9,"ornamentals",2004,2.00555267257987
10,"ornamentals",2004,0.531637993948669
13,"ornamentals",2004,1.09822620672601
12,"ornamentals",2004,0.766974305800344
6,"ornamentals",2004,0.978964864753772
2,"ornamentals",2005,0.00999716376246996
11,"ornamentals",2005,0.0151758374525821
5,"ornamentals",2005,0.0217253894330969
4,"ornamentals",2005,0.00873397168875626
3,"ornamentals",2005,0.0273044466912907
14,"ornamentals",2005,0.0286105611636647
7,"ornamentals",2005,0.00863685503200215
1,"ornamentals",2005,0.017548284214728
8,"ornamentals",2005,0.00675070538869049
9,"ornamentals",2005,0.0393245622074483
10,"ornamentals",2005,0.0104242743911504
13,"ornamentals",2005,0.021533847190706
12,"ornamentals",2005,0.0150387118784381
6,"ornamentals",2005,0.0191953895049759
2,"ornamentals",2006,0.00999716376246996
11,"ornamentals",2006,0.0151758374525821
5,"ornamentals",2006,0.0217253894330969
4,"ornamentals",2006,0.00873397168875626
3,"ornamentals",2006,0.0273044466912907
14,"ornamentals",2006,0.0286105611636647
7,"ornamentals",2006,0.00863685503200215
1,"ornamentals",2006,0.017548284214728
8,"ornamentals",2006,0.00675070538869049
9,"ornamentals",2006,0.0393245622074483
10,"ornamentals",2006,0.0104242743911504
13,"ornamentals",2006,0.021533847190706
12,"ornamentals",2006,0.0150387118784381
6,"ornamentals",2006,0.0191953895049759
2,"ornamentals",2007,0.0199943275249399
11,"ornamentals",2007,0.0303516749051643
5,"ornamentals",2007,0.0434507788661938
4,"ornamentals",2007,0.0174679433775125
3,"ornamentals",2007,0.0546088933825815
14,"ornamentals",2007,0.0572211223273294
7,"ornamentals",2007,0.0172737100640043
1,"ornamentals",2007,0.0350965684294559
8,"ornamentals",2007,0.013501410777381
9,"ornamentals",2007,0.0786491244148967
10,"ornamentals",2007,0.0208485487823007
13,"ornamentals",2007,0.043067694381412
12,"ornamentals",2007,0.0300774237568762
6,"ornamentals",2007,0.0383907790099518
2,"ornamentals",2008,0.0599829825748197
11,"ornamentals",2008,0.0910550247154929
5,"ornamentals",2008,0.130352336598581
4,"ornamentals",2008,0.0524038301325376
3,"ornamentals",2008,0.163826680147744
14,"ornamentals",2008,0.171663366981988
7,"ornamentals",2008,0.0518211301920129
1,"ornamentals",2008,0.105289705288368
8,"ornamentals",2008,0.0405042323321429
9,"ornamentals",2008,0.23594737324469
10,"ornamentals",2008,0.0625456463469022
13,"ornamentals",2008,0.129203083144236
12,"ornamentals",2008,0.0902322712706287
6,"ornamentals",2008,0.115172337029855
2,"ornamentals",2009,0.10996880138717
11,"ornamentals",2009,0.166934211978404
5,"ornamentals",2009,0.238979283764066
4,"ornamentals",2009,0.0960736885763189
3,"ornamentals",2009,0.300348913604198
14,"ornamentals",2009,0.314716172800312
7,"ornamentals",2009,0.0950054053520236
1,"ornamentals",2009,0.193031126362007
8,"ornamentals",2009,0.0742577592755954
9,"ornamentals",2009,0.432570184281932
10,"ornamentals",2009,0.114667018302654
13,"ornamentals",2009,0.236872319097766
12,"ornamentals",2009,0.165425830662819
6,"ornamentals",2009,0.211149284554735
2,"ornamentals",2010,0.146625068516226
11,"ornamentals",2010,0.222578949304538
5,"ornamentals",2010,0.318639045018755
4,"ornamentals",2010,0.128098251435092
3,"ornamentals",2010,0.400465218138931
14,"ornamentals",2010,0.419621563733749
7,"ornamentals",2010,0.126673873802698
1,"ornamentals",2010,0.257374835149344
8,"ornamentals",2010,0.099010345700794
9,"ornamentals",2010,0.576760245709243
10,"ornamentals",2010,0.152889357736872
13,"ornamentals",2010,0.315829758797021
12,"ornamentals",2010,0.220567774217093
6,"ornamentals",2010,0.281532379406314
2,"ornamentals",2011,0.199943275249399
11,"ornamentals",2011,0.303516749051643
5,"ornamentals",2011,0.434507788661938
4,"ornamentals",2011,0.174679433775125
3,"ornamentals",2011,0.546088933825815
14,"ornamentals",2011,0.572211223273294
7,"ornamentals",2011,0.172737100640043
1,"ornamentals",2011,0.350965684294559
8,"ornamentals",2011,0.13501410777381
9,"ornamentals",2011,0.786491244148967
10,"ornamentals",2011,0.208485487823007
13,"ornamentals",2011,0.43067694381412
12,"ornamentals",2011,0.300774237568762
6,"ornamentals",2011,0.383907790099518
2,"seaweeds",1994,2.02609185586058
11,"seaweeds",1994,3.07563639038998
5,"seaweeds",1994,4.40301225844097
4,"seaweeds",1994,1.77008492892127
3,"seaweeds",1994,5.53370119610159
14,"seaweeds",1994,5.79840706250272
7,"seaweeds",1994,1.7504026198191
1,"seaweeds",1994,3.5564522675182
8,"seaweeds",1994,1.36814295877461
9,"seaweeds",1994,7.96977794070953
10,"seaweeds",1994,2.11265294327314
13,"seaweeds",1994,4.36419303064975
12,"seaweeds",1994,3.04784560736346
6,"seaweeds",1994,3.89026560634179
2,"seaweeds",1995,1.67952351209495
11,"seaweeds",1995,2.5495406920338
5,"seaweeds",1995,3.64986542476028
4,"seaweeds",1995,1.46730724371105
3,"seaweeds",1995,4.58714704413684
14,"seaweeds",1995,4.80657427549567
7,"seaweeds",1995,1.45099164537636
1,"seaweeds",1995,2.9481117480743
8,"seaweeds",1995,1.1341185053
9,"seaweeds",1995,6.60652645085132
10,"seaweeds",1995,1.75127809771326
13,"seaweeds",1995,3.61768632803861
12,"seaweeds",1995,2.5265035955776
6,"seaweeds",1995,3.22482543683595
2,"seaweeds",1996,0.699801463372897
11,"seaweeds",1996,1.06230862168075
5,"seaweeds",1996,1.52077726031678
4,"seaweeds",1996,0.611378018212938
3,"seaweeds",1996,1.91131126839035
14,"seaweeds",1996,2.00273928145653
7,"seaweeds",1996,0.60457985224015
1,"seaweeds",1996,1.22837989503096
8,"seaweeds",1996,0.472549377208334
9,"seaweeds",1996,2.75271935452138
10,"seaweeds",1996,0.729699207380526
13,"seaweeds",1996,1.50736930334942
12,"seaweeds",1996,1.05270983149067
6,"seaweeds",1996,1.34367726534831
2,"seaweeds",1997,0.519852515648438
11,"seaweeds",1997,0.789143547534272
5,"seaweeds",1997,1.12972025052104
4,"seaweeds",1997,0.454166527815326
3,"seaweeds",1997,1.41983122794712
14,"seaweeds",1997,1.48774918051056
7,"seaweeds",1997,0.449116461664112
1,"seaweeds",1997,0.912510779165853
8,"seaweeds",1997,0.351036680211906
9,"seaweeds",1997,2.04487723478731
10,"seaweeds",1997,0.542062268339819
13,"seaweeds",1997,1.11976005391671
12,"seaweeds",1997,0.782013017678782
6,"seaweeds",1997,0.998160254258747
2,"seaweeds",1998,0.559841170698318
11,"seaweeds",1998,0.8498468973446
5,"seaweeds",1998,1.21662180825343
4,"seaweeds",1998,0.489102414570351
3,"seaweeds",1998,1.52904901471228
14,"seaweeds",1998,1.60219142516522
7,"seaweeds",1998,0.48366388179212
1,"seaweeds",1998,0.982703916024765
8,"seaweeds",1998,0.378039501766668
9,"seaweeds",1998,2.20217548361711
10,"seaweeds",1998,0.58375936590442
13,"seaweeds",1998,1.20589544267954
12,"seaweeds",1998,0.842167865192534
6,"seaweeds",1998,1.07494181227865
2,"seaweeds",1999,0.549844006935848
11,"seaweeds",1999,0.834671059892018
5,"seaweeds",1999,1.19489641882033
4,"seaweeds",1999,0.480368442881594
3,"seaweeds",1999,1.50174456802099
14,"seaweeds",1999,1.57358086400156
7,"seaweeds",1999,0.475027026760118
1,"seaweeds",1999,0.965155631810037
8,"seaweeds",1999,0.371288796377977
9,"seaweeds",1999,2.16285092140966
10,"seaweeds",1999,0.57333509151327
13,"seaweeds",1999,1.18436159548883
12,"seaweeds",1999,0.827129153314096
6,"seaweeds",1999,1.05574642277368
2,"seaweeds",2000,0.439875205548678
11,"seaweeds",2000,0.667736847913615
5,"seaweeds",2000,0.955917135056263
4,"seaweeds",2000,0.384294754305275
3,"seaweeds",2000,1.20139565441679
14,"seaweeds",2000,1.25886469120125
7,"seaweeds",2000,0.380021621408095
1,"seaweeds",2000,0.77212450544803
8,"seaweeds",2000,0.297031037102382
9,"seaweeds",2000,1.73028073712773
10,"seaweeds",2000,0.458668073210616
13,"seaweeds",2000,0.947489276391063
12,"seaweeds",2000,0.661703322651277
6,"seaweeds",2000,0.84459713821894
2,"seaweeds",2001,0.329906404161509
11,"seaweeds",2001,0.500802635935211
5,"seaweeds",2001,0.716937851292197
4,"seaweeds",2001,0.288221065728957
3,"seaweeds",2001,0.901046740812594
14,"seaweeds",2001,0.944148518400935
7,"seaweeds",2001,0.285016216056071
1,"seaweeds",2001,0.579093379086022
8,"seaweeds",2001,0.222773277826786
9,"seaweeds",2001,1.2977105528458
10,"seaweeds",2001,0.344001054907962
13,"seaweeds",2001,0.710616957293297
12,"seaweeds",2001,0.496277491988458
6,"seaweeds",2001,0.633447853664205
2,"seaweeds",2002,0.479863860598558
11,"seaweeds",2002,0.728440197723943
5,"seaweeds",2002,1.04281869278865
4,"seaweeds",2002,0.419230641060301
3,"seaweeds",2002,1.31061344118196
14,"seaweeds",2002,1.37330693585591
7,"seaweeds",2002,0.414569041536103
1,"seaweeds",2002,0.842317642306942
8,"seaweeds",2002,0.324033858657144
9,"seaweeds",2002,1.88757898595752
10,"seaweeds",2002,0.500365170775218
13,"seaweeds",2002,1.03362466515389
12,"seaweeds",2002,0.721858170165029
6,"seaweeds",2002,0.921378696238844
2,"seaweeds",2003,0.369895059211388
11,"seaweeds",2003,0.56150598574554
5,"seaweeds",2003,0.803839409024585
4,"seaweeds",2003,0.323156952483982
3,"seaweeds",2003,1.01026452757776
14,"seaweeds",2003,1.05859076305559
7,"seaweeds",2003,0.31956363618408
1,"seaweeds",2003,0.649286515944934
8,"seaweeds",2003,0.249776099381548
9,"seaweeds",2003,1.45500880167559
10,"seaweeds",2003,0.385698152472564
13,"seaweeds",2003,0.796752346056121
12,"seaweeds",2003,0.55643233950221
6,"seaweeds",2003,0.710229411684109
2,"seaweeds",2004,0.349900731686448
11,"seaweeds",2004,0.531154310840375
5,"seaweeds",2004,0.760388630158391
4,"seaweeds",2004,0.305689009106469
3,"seaweeds",2004,0.955655634195176
14,"seaweeds",2004,1.00136964072826
7,"seaweeds",2004,0.302289926120075
1,"seaweeds",2004,0.614189947515478
8,"seaweeds",2004,0.236274688604167
9,"seaweeds",2004,1.37635967726069
10,"seaweeds",2004,0.364849603690263
13,"seaweeds",2004,0.753684651674709
12,"seaweeds",2004,0.526354915745334
6,"seaweeds",2004,0.671838632674157
2,"seaweeds",2005,0.479863860598558
11,"seaweeds",2005,0.728440197723943
5,"seaweeds",2005,1.04281869278865
4,"seaweeds",2005,0.419230641060301
3,"seaweeds",2005,1.31061344118196
14,"seaweeds",2005,1.37330693585591
7,"seaweeds",2005,0.414569041536103
1,"seaweeds",2005,0.842317642306942
8,"seaweeds",2005,0.324033858657144
9,"seaweeds",2005,1.88757898595752
10,"seaweeds",2005,0.500365170775218
13,"seaweeds",2005,1.03362466515389
12,"seaweeds",2005,0.721858170165029
6,"seaweeds",2005,0.921378696238844
2,"seaweeds",2006,0.249929094061749
11,"seaweeds",2006,0.379395936314554
5,"seaweeds",2006,0.543134735827422
4,"seaweeds",2006,0.218349292218907
3,"seaweeds",2006,0.682611167282268
14,"seaweeds",2006,0.715264029091617
7,"seaweeds",2006,0.215921375800054
1,"seaweeds",2006,0.438707105368199
8,"seaweeds",2006,0.168767634717262
9,"seaweeds",2006,0.983114055186208
10,"seaweeds",2006,0.260606859778759
13,"seaweeds",2006,0.53834617976765
12,"seaweeds",2006,0.375967796960953
6,"seaweeds",2006,0.479884737624398
2,"seaweeds",2007,0.379892222973858
11,"seaweeds",2007,0.576681823198122
5,"seaweeds",2007,0.825564798457682
4,"seaweeds",2007,0.331890924172738
3,"seaweeds",2007,1.03756897426905
14,"seaweeds",2007,1.08720132421926
7,"seaweeds",2007,0.328200491216082
1,"seaweeds",2007,0.666834800159662
8,"seaweeds",2007,0.256526804770239
9,"seaweeds",2007,1.49433336388304
10,"seaweeds",2007,0.396122426863714
13,"seaweeds",2007,0.818286193246827
12,"seaweeds",2007,0.571471051380648
6,"seaweeds",2007,0.729424801189085
2,"seaweeds",2008,0.519852515648438
11,"seaweeds",2008,0.789143547534272
5,"seaweeds",2008,1.12972025052104
4,"seaweeds",2008,0.454166527815326
3,"seaweeds",2008,1.41983122794712
14,"seaweeds",2008,1.48774918051056
7,"seaweeds",2008,0.449116461664112
1,"seaweeds",2008,0.912510779165853
8,"seaweeds",2008,0.351036680211906
9,"seaweeds",2008,2.04487723478731
10,"seaweeds",2008,0.542062268339819
13,"seaweeds",2008,1.11976005391671
12,"seaweeds",2008,0.782013017678782
6,"seaweeds",2008,0.998160254258747
2,"seaweeds",2009,0.519852515648438
11,"seaweeds",2009,0.789143547534272
5,"seaweeds",2009,1.12972025052104
4,"seaweeds",2009,0.454166527815326
3,"seaweeds",2009,1.41983122794712
14,"seaweeds",2009,1.48774918051056
7,"seaweeds",2009,0.449116461664112
1,"seaweeds",2009,0.912510779165853
8,"seaweeds",2009,0.351036680211906
9,"seaweeds",2009,2.04487723478731
10,"seaweeds",2009,0.542062268339819
13,"seaweeds",2009,1.11976005391671
12,"seaweeds",2009,0.782013017678782
6,"seaweeds",2009,0.998160254258747
2,"seaweeds",2010,0.626488929114785
11,"seaweeds",2010,0.951019147028483
5,"seaweeds",2010,1.36145773780741
4,"seaweeds",2010,0.547328892495394
3,"seaweeds",2010,1.71107865932089
14,"seaweeds",2010,1.79292849958966
7,"seaweeds",2010,0.541242915338803
1,"seaweeds",2010,1.09969247745629
8,"seaweeds",2010,0.423044204357938
9,"seaweeds",2010,2.46433923166677
10,"seaweeds",2010,0.653254528512091
13,"seaweeds",2010,1.34945442395091
12,"seaweeds",2010,0.942425944382124
6,"seaweeds",2010,1.20291107564516
2,"seaweeds",2011,0.599829825748197
11,"seaweeds",2011,0.910550247154929
5,"seaweeds",2011,1.30352336598581
4,"seaweeds",2011,0.524038301325376
3,"seaweeds",2011,1.63826680147744
14,"seaweeds",2011,1.71663366981988
7,"seaweeds",2011,0.518211301920129
1,"seaweeds",2011,1.05289705288368
8,"seaweeds",2011,0.405042323321429
9,"seaweeds",2011,2.3594737324469
10,"seaweeds",2011,0.625456463469022
13,"seaweeds",2011,1.29203083144236
12,"seaweeds",2011,0.902322712706287
6,"seaweeds",2011,1.15172337029855
2,"shells",1995,0.439875205548678
11,"shells",1995,0.667736847913615
5,"shells",1995,0.955917135056263
4,"shells",1995,0.384294754305275
3,"shells",1995,1.20139565441679
14,"shells",1995,1.25886469120125
7,"shells",1995,0.380021621408095
1,"shells",1995,0.77212450544803
8,"shells",1995,0.297031037102382
9,"shells",1995,1.73028073712773
10,"shells",1995,0.458668073210616
13,"shells",1995,0.947489276391063
12,"shells",1995,0.661703322651277
6,"shells",1995,0.84459713821894
2,"shells",1996,0.329906404161509
11,"shells",1996,0.500802635935211
5,"shells",1996,0.716937851292197
4,"shells",1996,0.288221065728957
3,"shells",1996,0.901046740812594
14,"shells",1996,0.944148518400935
7,"shells",1996,0.285016216056071
1,"shells",1996,0.579093379086022
8,"shells",1996,0.222773277826786
9,"shells",1996,1.2977105528458
10,"shells",1996,0.344001054907962
13,"shells",1996,0.710616957293297
12,"shells",1996,0.496277491988458
6,"shells",1996,0.633447853664205
2,"shells",1997,0.369895059211388
11,"shells",1997,0.56150598574554
5,"shells",1997,0.803839409024585
4,"shells",1997,0.323156952483982
3,"shells",1997,1.01026452757776
14,"shells",1997,1.05859076305559
7,"shells",1997,0.31956363618408
1,"shells",1997,0.649286515944934
8,"shells",1997,0.249776099381548
9,"shells",1997,1.45500880167559
10,"shells",1997,0.385698152472564
13,"shells",1997,0.796752346056121
12,"shells",1997,0.55643233950221
6,"shells",1997,0.710229411684109
2,"shells",1998,0.719795790897837
11,"shells",1998,1.09266029658591
5,"shells",1998,1.56422803918298
4,"shells",1998,0.628845961590451
3,"shells",1998,1.96592016177293
14,"shells",1998,2.05996040378386
7,"shells",1998,0.621853562304155
1,"shells",1998,1.26347646346041
8,"shells",1998,0.486050787985715
9,"shells",1998,2.83136847893628
10,"shells",1998,0.750547756162826
13,"shells",1998,1.55043699773083
12,"shells",1998,1.08278725524754
6,"shells",1998,1.38206804435827
2,"shells",1999,1.829480968532
11,"shells",1999,2.77717825382253
5,"shells",1999,3.97574626625673
4,"shells",1999,1.5983168190424
3,"shells",1999,4.9967137445062
14,"shells",1999,5.23573269295064
7,"shells",1999,1.58054447085639
1,"shells",1999,3.21133601129522
8,"shells",1999,1.23537908613036
9,"shells",1999,7.19639488396305
10,"shells",1999,1.90764221358052
13,"shells",1999,3.94069403589919
12,"shells",1999,2.75208427375417
6,"shells",1999,3.51275627941059
2,"shells",2000,3.29906404161509
11,"shells",2000,5.00802635935211
5,"shells",2000,7.16937851292197
4,"shells",2000,2.88221065728957
3,"shells",2000,9.01046740812594
14,"shells",2000,9.44148518400935
7,"shells",2000,2.85016216056071
1,"shells",2000,5.79093379086022
8,"shells",2000,2.22773277826786
9,"shells",2000,12.977105528458
10,"shells",2000,3.44001054907962
13,"shells",2000,7.10616957293297
12,"shells",2000,4.96277491988458
6,"shells",2000,6.33447853664205
2,"shells",2001,3.90889103112575
11,"shells",2001,5.93375244395962
5,"shells",2001,8.49462726834088
4,"shells",2001,3.4149829303037
3,"shells",2001,10.6760386562947
14,"shells",2001,11.1867294149929
7,"shells",2001,3.37701031751284
1,"shells",2001,6.86137912795863
8,"shells",2001,2.63952580697798
9,"shells",2001,15.3759038231123
10,"shells",2001,4.07589128693979
13,"shells",2001,8.41973425156604
12,"shells",2001,5.8801363444693
6,"shells",2001,7.50539729644558
2,"shells",2002,3.68895342835141
11,"shells",2002,5.59988402000281
5,"shells",2002,8.01666870081275
4,"shells",2002,3.22283555315106
3,"shells",2002,10.0753408290863
14,"shells",2002,10.5572970693923
7,"shells",2002,3.18699950680879
1,"shells",2002,6.47531687523461
8,"shells",2002,2.49101028842679
9,"shells",2002,14.5107634545484
10,"shells",2002,3.84655725033449
13,"shells",2002,7.94598961337051
12,"shells",2002,5.54928468314366
6,"shells",2002,7.08309872733611
2,"shells",2003,7.99773100997597
11,"shells",2003,12.1406699620657
5,"shells",2003,17.3803115464775
4,"shells",2003,6.98717735100501
3,"shells",2003,21.8435573530326
14,"shells",2003,22.8884489309318
7,"shells",2003,6.90948402560172
1,"shells",2003,14.0386273717824
8,"shells",2003,5.40056431095239
9,"shells",2003,31.4596497659587
10,"shells",2003,8.33941951292029
13,"shells",2003,17.2270777525648
12,"shells",2003,12.0309695027505
6,"shells",2003,15.3563116039807
2,"shells",2004,7.32792103789048
11,"shells",2004,11.1238888527427
5,"shells",2004,15.92471045446
4,"shells",2004,6.40200124785834
3,"shells",2004,20.0141594247161
14,"shells",2004,20.9715413329662
7,"shells",2004,6.33081473845758
1,"shells",2004,12.8628923293956
8,"shells",2004,4.94826704991013
9,"shells",2004,28.8249040980596
10,"shells",2004,7.64099312871322
13,"shells",2004,15.7843099907875
12,"shells",2004,11.0233758068951
6,"shells",2004,14.0702205071473
2,"shells",2005,8.86748425731085
11,"shells",2005,13.4609678204404
5,"shells",2005,19.2704204271569
4,"shells",2005,7.7470328879268
3,"shells",2005,24.2190442151749
14,"shells",2005,25.3775677521706
7,"shells",2005,7.66089041338591
1,"shells",2005,15.5653280984637
8,"shells",2005,5.98787567976847
9,"shells",2005,34.8808866780067
10,"shells",2005,9.24633138495038
13,"shells",2005,19.1005224581562
12,"shells",2005,13.3393374361746
6,"shells",2005,17.0263104909136
2,"shells",2006,12.316505755363
11,"shells",2006,18.6966317415812
5,"shells",2006,26.7656797815754
4,"shells",2006,10.7602531205477
3,"shells",2006,33.6390783236702
14,"shells",2006,35.2482113536349
7,"shells",2006,10.6406053994266
1,"shells",2006,21.6194861525448
8,"shells",2006,8.31686903886668
9,"shells",2006,48.4478606395763
10,"shells",2006,12.8427060498973
13,"shells",2006,26.5296997389498
12,"shells",2006,18.5276930342358
6,"shells",2006,23.6487198701303
2,"shells",2007,8.77750978344862
11,"shells",2007,13.3243852833671
5,"shells",2007,19.0748919222591
4,"shells",2007,7.668427142728
3,"shells",2007,23.9733041949533
14,"shells",2007,25.1200727016976
7,"shells",2007,7.58315871809789
1,"shells",2007,15.4073935405311
8,"shells",2007,5.92711933127025
9,"shells",2007,34.5269656181396
10,"shells",2007,9.15251291543002
13,"shells",2007,18.9067178334399
12,"shells",2007,13.2039890292687
6,"shells",2007,16.8535519853688
2,"shells",2008,8.63754949077404
11,"shells",2008,13.111923559031
5,"shells",2008,18.7707364701957
4,"shells",2008,7.54615153908541
3,"shells",2008,23.5910419412752
14,"shells",2008,24.7195248454063
7,"shells",2008,7.46224274764986
1,"shells",2008,15.161717561525
8,"shells",2008,5.83260945582858
9,"shells",2008,33.9764217472354
10,"shells",2008,9.00657307395392
13,"shells",2008,18.60524397277
12,"shells",2008,12.9934470629705
6,"shells",2008,16.5848165322992
2,"shells",2009,6.15825287768149
11,"shells",2009,9.3483158707906
5,"shells",2009,13.3828398907877
4,"shells",2009,5.38012656027386
3,"shells",2009,16.8195391618351
14,"shells",2009,17.6241056768175
7,"shells",2009,5.32030269971332
1,"shells",2009,10.8097430762724
8,"shells",2009,4.15843451943334
9,"shells",2009,24.2239303197882
10,"shells",2009,6.42135302494863
13,"shells",2009,13.2648498694749
12,"shells",2009,9.26384651711788
6,"shells",2009,11.8243599350652
2,"shells",2010,3.43902433428967
11,"shells",2010,5.22048808368826
5,"shells",2010,7.47353396498533
4,"shells",2010,3.00448626093215
3,"shells",2010,9.39272966180401
14,"shells",2010,9.84203304030066
7,"shells",2010,2.97107813100874
1,"shells",2010,6.03660976986642
8,"shells",2010,2.32224265370953
9,"shells",2010,13.5276493993622
10,"shells",2010,3.58595039055573
13,"shells",2010,7.40764343360286
12,"shells",2010,5.17331688618271
6,"shells",2010,6.60321398971171
2,"shells",2011,1.35961427169591
11,"shells",2011,2.06391389355117
5,"shells",2011,2.95465296290118
4,"shells",2011,1.18782014967085
3,"shells",2011,3.71340475001554
14,"shells",2011,3.8910363182584
7,"shells",2011,1.17461228435229
1,"shells",2011,2.386566653203
8,"shells",2011,0.918095932861907
9,"shells",2011,5.34814046021297
10,"shells",2011,1.41770131719645
13,"shells",2011,2.92860321793601
12,"shells",2011,2.04526481546758
6,"shells",2011,2.61057297267672
2,"sponges",1994,0.0266591033665866
11,"sponges",1994,0.0404688998735524
5,"sponges",1994,0.0579343718215917
4,"sponges",1994,0.0232905911700167
3,"sponges",1994,0.072811857843442
14,"sponges",1994,0.0762948297697726
7,"sponges",1994,0.0230316134186724
1,"sponges",1994,0.0467954245726079
8,"sponges",1994,0.018001881036508
9,"sponges",1994,0.104865499219862
10,"sponges",1994,0.0277980650430677
13,"sponges",1994,0.0574235925085493
12,"sponges",1994,0.040103231675835
6,"sponges",1994,0.0511877053466025
2,"sponges",1995,0.0299914912874099
11,"sponges",1995,0.0455275123577464
5,"sponges",1995,0.0651761682992907
4,"sponges",1995,0.0262019150662688
3,"sponges",1995,0.0819133400738722
14,"sponges",1995,0.0858316834909941
7,"sponges",1995,0.0259105650960064
1,"sponges",1995,0.0526448526441839
8,"sponges",1995,0.0202521161660715
9,"sponges",1995,0.117973686622345
10,"sponges",1995,0.0312728231734511
13,"sponges",1995,0.0646015415721179
12,"sponges",1995,0.0451161356353143
6,"sponges",1995,0.0575861685149277
2,"sponges",1996,0.00999716376246996
11,"sponges",1996,0.0151758374525821
5,"sponges",1996,0.0217253894330969
4,"sponges",1996,0.00873397168875626
3,"sponges",1996,0.0273044466912907
14,"sponges",1996,0.0286105611636647
7,"sponges",1996,0.00863685503200215
1,"sponges",1996,0.017548284214728
8,"sponges",1996,0.00675070538869049
9,"sponges",1996,0.0393245622074483
10,"sponges",1996,0.0104242743911504
13,"sponges",1996,0.021533847190706
12,"sponges",1996,0.0150387118784381
6,"sponges",1996,0.0191953895049759
2,"sponges",1997,0.0199943275249399
11,"sponges",1997,0.0303516749051643
5,"sponges",1997,0.0434507788661938
4,"sponges",1997,0.0174679433775125
3,"sponges",1997,0.0546088933825815
14,"sponges",1997,0.0572211223273294
7,"sponges",1997,0.0172737100640043
1,"sponges",1997,0.0350965684294559
8,"sponges",1997,0.013501410777381
9,"sponges",1997,0.0786491244148967
10,"sponges",1997,0.0208485487823007
13,"sponges",1997,0.043067694381412
12,"sponges",1997,0.0300774237568762
6,"sponges",1997,0.0383907790099518
2,"sponges",1998,0.0199943275249399
11,"sponges",1998,0.0303516749051643
5,"sponges",1998,0.0434507788661938
4,"sponges",1998,0.0174679433775125
3,"sponges",1998,0.0546088933825815
14,"sponges",1998,0.0572211223273294
7,"sponges",1998,0.0172737100640043
1,"sponges",1998,0.0350965684294559
8,"sponges",1998,0.013501410777381
9,"sponges",1998,0.0786491244148967
10,"sponges",1998,0.0208485487823007
13,"sponges",1998,0.043067694381412
12,"sponges",1998,0.0300774237568762
6,"sponges",1998,0.0383907790099518
2,"sponges",1999,0.00999716376246996
11,"sponges",1999,0.0151758374525821
5,"sponges",1999,0.0217253894330969
4,"sponges",1999,0.00873397168875626
3,"sponges",1999,0.0273044466912907
14,"sponges",1999,0.0286105611636647
7,"sponges",1999,0.00863685503200215
1,"sponges",1999,0.017548284214728
8,"sponges",1999,0.00675070538869049
9,"sponges",1999,0.0393245622074483
10,"sponges",1999,0.0104242743911504
13,"sponges",1999,0.021533847190706
12,"sponges",1999,0.0150387118784381
6,"sponges",1999,0.0191953895049759
2,"sponges",2000,0.0199943275249399
11,"sponges",2000,0.0303516749051643
5,"sponges",2000,0.0434507788661938
4,"sponges",2000,0.0174679433775125
3,"sponges",2000,0.0546088933825815
14,"sponges",2000,0.0572211223273294
7,"sponges",2000,0.0172737100640043
1,"sponges",2000,0.0350965684294559
8,"sponges",2000,0.013501410777381
9,"sponges",2000,0.0786491244148967
10,"sponges",2000,0.0208485487823007
13,"sponges",2000,0.043067694381412
12,"sponges",2000,0.0300774237568762
6,"sponges",2000,0.0383907790099518
2,"sponges",2001,0.00999716376246996
11,"sponges",2001,0.0151758374525821
5,"sponges",2001,0.0217253894330969
4,"sponges",2001,0.00873397168875626
3,"sponges",2001,0.0273044466912907
14,"sponges",2001,0.0286105611636647
7,"sponges",2001,0.00863685503200215
1,"sponges",2001,0.017548284214728
8,"sponges",2001,0.00675070538869049
9,"sponges",2001,0.0393245622074483
10,"sponges",2001,0.0104242743911504
13,"sponges",2001,0.021533847190706
12,"sponges",2001,0.0150387118784381
6,"sponges",2001,0.0191953895049759
2,"sponges",2002,0.00999716376246996
11,"sponges",2002,0.0151758374525821
5,"sponges",2002,0.0217253894330969
4,"sponges",2002,0.00873397168875626
3,"sponges",2002,0.0273044466912907
14,"sponges",2002,0.0286105611636647
7,"sponges",2002,0.00863685503200215
1,"sponges",2002,0.017548284214728
8,"sponges",2002,0.00675070538869049
9,"sponges",2002,0.0393245622074483
10,"sponges",2002,0.0104242743911504
13,"sponges",2002,0.021533847190706
12,"sponges",2002,0.0150387118784381
6,"sponges",2002,0.0191953895049759
2,"sponges",2003,0.00999716376246996
11,"sponges",2003,0.0151758374525821
5,"sponges",2003,0.0217253894330969
4,"sponges",2003,0.00873397168875626
3,"sponges",2003,0.0273044466912907
14,"sponges",2003,0.0286105611636647
7,"sponges",2003,0.00863685503200215
1,"sponges",2003,0.017548284214728
8,"sponges",2003,0.00675070538869049
9,"sponges",2003,0.0393245622074483
10,"sponges",2003,0.0104242743911504
13,"sponges",2003,0.021533847190706
12,"sponges",2003,0.0150387118784381
6,"sponges",2003,0.0191953895049759
2,"sponges",2004,0.00999716376246996
11,"sponges",2004,0.0151758374525821
5,"sponges",2004,0.0217253894330969
4,"sponges",2004,0.00873397168875626
3,"sponges",2004,0.0273044466912907
14,"sponges",2004,0.0286105611636647
7,"sponges",2004,0.00863685503200215
1,"sponges",2004,0.017548284214728
8,"sponges",2004,0.00675070538869049
9,"sponges",2004,0.0393245622074483
10,"sponges",2004,0.0104242743911504
13,"sponges",2004,0.021533847190706
12,"sponges",2004,0.0150387118784381
6,"sponges",2004,0.0191953895049759
2,"sponges",2005,0.00999716376246996
11,"sponges",2005,0.0151758374525821
5,"sponges",2005,0.0217253894330969
4,"sponges",2005,0.00873397168875626
3,"sponges",2005,0.0273044466912907
14,"sponges",2005,0.0286105611636647
7,"sponges",2005,0.00863685503200215
1,"sponges",2005,0.017548284214728
8,"sponges",2005,0.00675070538869049
9,"sponges",2005,0.0393245622074483
10,"sponges",2005,0.0104242743911504
13,"sponges",2005,0.021533847190706
12,"sponges",2005,0.0150387118784381
6,"sponges",2005,0.0191953895049759
2,"sponges",2006,0.0199943275249399
11,"sponges",2006,0.0303516749051643
5,"sponges",2006,0.0434507788661938
4,"sponges",2006,0.0174679433775125
3,"sponges",2006,0.0546088933825815
14,"sponges",2006,0.0572211223273294
7,"sponges",2006,0.0172737100640043
1,"sponges",2006,0.0350965684294559
8,"sponges",2006,0.013501410777381
9,"sponges",2006,0.0786491244148967
10,"sponges",2006,0.0208485487823007
13,"sponges",2006,0.043067694381412
12,"sponges",2006,0.0300774237568762
6,"sponges",2006,0.0383907790099518
2,"sponges",2007,1.0996880138717
11,"sponges",2007,1.66934211978404
5,"sponges",2007,2.38979283764066
4,"sponges",2007,0.960736885763189
3,"sponges",2007,3.00348913604198
14,"sponges",2007,3.14716172800312
7,"sponges",2007,0.950054053520236
1,"sponges",2007,1.93031126362007
8,"sponges",2007,0.742577592755954
9,"sponges",2007,4.32570184281932
10,"sponges",2007,1.14667018302654
13,"sponges",2007,2.36872319097766
12,"sponges",2007,1.65425830662819
6,"sponges",2007,2.11149284554735
2,"sponges",2008,1.76949798595718
11,"sponges",2008,2.68612322910704
5,"sponges",2008,3.84539392965815
4,"sponges",2008,1.54591298890986
3,"sponges",2008,4.83288706435846
14,"sponges",2008,5.06406932596865
7,"sponges",2008,1.52872334066438
1,"sponges",2008,3.10604630600685
8,"sponges",2008,1.19487485379822
9,"sponges",2008,6.96044751071836
10,"sponges",2008,1.84509656723361
13,"sponges",2008,3.81149095275496
12,"sponges",2008,2.66185200248355
6,"sponges",2008,3.39758394238074
2,"sponges",2009,2.54927675942984
11,"sponges",2009,3.86983855040845
5,"sponges",2009,5.53997430543971
4,"sponges",2009,2.22716278063285
3,"sponges",2009,6.96263390627914
14,"sponges",2009,7.2956930967345
7,"sponges",2009,2.20239803316055
1,"sponges",2009,4.47481247475563
8,"sponges",2009,1.72142987411608
9,"sponges",2009,10.0277633628993
10,"sponges",2009,2.65818996974334
13,"sponges",2009,5.49113103363003
12,"sponges",2009,3.83487152900172
6,"sponges",2009,4.89482432376886
2,"sponges",2010,3.38570612755649
11,"sponges",2010,5.13955028394116
5,"sponges",2010,7.35766522134215
4,"sponges",2010,2.95790507859212
3,"sponges",2010,9.24710594611713
14,"sponges",2010,9.68944338076112
7,"sponges",2010,2.9250149041714
1,"sponges",2010,5.9430189207212
8,"sponges",2010,2.28623889163651
9,"sponges",2010,13.3179184009225
10,"sponges",2010,3.53035426046959
13,"sponges",2010,7.29279624858576
12,"sponges",2010,5.09311042283104
6,"sponges",2010,6.50083857901851
2,"sponges",2011,2.91917181864123
11,"sponges",2011,4.43134453615399
5,"sponges",2011,6.34381371446429
4,"sponges",2011,2.55031973311683
3,"sponges",2011,7.9728984338569
14,"sponges",2011,8.35428385979009
7,"sponges",2011,2.52196166934463
1,"sponges",2011,5.12409899070056
8,"sponges",2011,1.97120597349762
9,"sponges",2011,11.4827721645749
10,"sponges",2011,3.04388812221591
13,"sponges",2011,6.28788337968615
12,"sponges",2011,4.39130386850393
6,"sponges",2011,5.60505373545297
