"rgn_id","product","year","usd_rel"
2,"fish_oil",1976,0.098743802019888
11,"fish_oil",1976,0.098743802019888
5,"fish_oil",1976,0.098743802019888
4,"fish_oil",1976,0.098743802019888
3,"fish_oil",1976,0.098743802019888
14,"fish_oil",1976,0.098743802019888
7,"fish_oil",1976,0.098743802019888
1,"fish_oil",1976,0.098743802019888
8,"fish_oil",1976,0.098743802019888
9,"fish_oil",1976,0.098743802019888
10,"fish_oil",1976,0.098743802019888
13,"fish_oil",1976,0.098743802019888
12,"fish_oil",1976,0.098743802019888
6,"fish_oil",1976,0.098743802019888
2,"fish_oil",1977,0.103245001498718
11,"fish_oil",1977,0.103245001498718
5,"fish_oil",1977,0.103245001498718
4,"fish_oil",1977,0.103245001498718
3,"fish_oil",1977,0.103245001498718
14,"fish_oil",1977,0.103245001498718
7,"fish_oil",1977,0.103245001498718
1,"fish_oil",1977,0.103245001498718
8,"fish_oil",1977,0.103245001498718
9,"fish_oil",1977,0.103245001498718
10,"fish_oil",1977,0.103245001498718
13,"fish_oil",1977,0.103245001498718
12,"fish_oil",1977,0.103245001498718
6,"fish_oil",1977,0.103245001498718
2,"fish_oil",1978,0.10930042680656
11,"fish_oil",1978,0.10930042680656
5,"fish_oil",1978,0.10930042680656
4,"fish_oil",1978,0.10930042680656
3,"fish_oil",1978,0.10930042680656
14,"fish_oil",1978,0.10930042680656
7,"fish_oil",1978,0.10930042680656
1,"fish_oil",1978,0.10930042680656
8,"fish_oil",1978,0.10930042680656
9,"fish_oil",1978,0.10930042680656
10,"fish_oil",1978,0.10930042680656
13,"fish_oil",1978,0.10930042680656
12,"fish_oil",1978,0.10930042680656
6,"fish_oil",1978,0.10930042680656
2,"fish_oil",1979,0.115335667363377
11,"fish_oil",1979,0.115335667363377
5,"fish_oil",1979,0.115335667363377
4,"fish_oil",1979,0.115335667363377
3,"fish_oil",1979,0.115335667363377
14,"fish_oil",1979,0.115335667363377
7,"fish_oil",1979,0.115335667363377
1,"fish_oil",1979,0.115335667363377
8,"fish_oil",1979,0.115335667363377
9,"fish_oil",1979,0.115335667363377
10,"fish_oil",1979,0.115335667363377
13,"fish_oil",1979,0.115335667363377
12,"fish_oil",1979,0.115335667363377
6,"fish_oil",1979,0.115335667363377
2,"fish_oil",1980,0.126215248166468
11,"fish_oil",1980,0.126215248166468
5,"fish_oil",1980,0.126215248166468
4,"fish_oil",1980,0.126215248166468
3,"fish_oil",1980,0.126215248166468
14,"fish_oil",1980,0.126215248166468
7,"fish_oil",1980,0.126215248166468
1,"fish_oil",1980,0.126215248166468
8,"fish_oil",1980,0.126215248166468
9,"fish_oil",1980,0.126215248166468
10,"fish_oil",1980,0.126215248166468
13,"fish_oil",1980,0.126215248166468
12,"fish_oil",1980,0.126215248166468
6,"fish_oil",1980,0.126215248166468
2,"fish_oil",1981,0.121895711446873
11,"fish_oil",1981,0.121895711446873
5,"fish_oil",1981,0.121895711446873
4,"fish_oil",1981,0.121895711446873
3,"fish_oil",1981,0.121895711446873
14,"fish_oil",1981,0.121895711446873
7,"fish_oil",1981,0.121895711446873
1,"fish_oil",1981,0.121895711446873
8,"fish_oil",1981,0.121895711446873
9,"fish_oil",1981,0.121895711446873
10,"fish_oil",1981,0.121895711446873
13,"fish_oil",1981,0.121895711446873
12,"fish_oil",1981,0.121895711446873
6,"fish_oil",1981,0.121895711446873
2,"fish_oil",1982,0.110471142366077
11,"fish_oil",1982,0.110471142366077
5,"fish_oil",1982,0.110471142366077
4,"fish_oil",1982,0.110471142366077
3,"fish_oil",1982,0.110471142366077
14,"fish_oil",1982,0.110471142366077
7,"fish_oil",1982,0.110471142366077
1,"fish_oil",1982,0.110471142366077
8,"fish_oil",1982,0.110471142366077
9,"fish_oil",1982,0.110471142366077
10,"fish_oil",1982,0.110471142366077
13,"fish_oil",1982,0.110471142366077
12,"fish_oil",1982,0.110471142366077
6,"fish_oil",1982,0.110471142366077
2,"fish_oil",1983,0.0948279603208164
11,"fish_oil",1983,0.0948279603208164
5,"fish_oil",1983,0.0948279603208164
4,"fish_oil",1983,0.0948279603208164
3,"fish_oil",1983,0.0948279603208164
14,"fish_oil",1983,0.0948279603208164
7,"fish_oil",1983,0.0948279603208164
1,"fish_oil",1983,0.0948279603208164
8,"fish_oil",1983,0.0948279603208164
9,"fish_oil",1983,0.0948279603208164
10,"fish_oil",1983,0.0948279603208164
13,"fish_oil",1983,0.0948279603208164
12,"fish_oil",1983,0.0948279603208164
6,"fish_oil",1983,0.0948279603208164
2,"fish_oil",1984,0.0753093060785369
11,"fish_oil",1984,0.0753093060785369
5,"fish_oil",1984,0.0753093060785369
4,"fish_oil",1984,0.0753093060785369
3,"fish_oil",1984,0.0753093060785369
14,"fish_oil",1984,0.0753093060785369
7,"fish_oil",1984,0.0753093060785369
1,"fish_oil",1984,0.0753093060785369
8,"fish_oil",1984,0.0753093060785369
9,"fish_oil",1984,0.0753093060785369
10,"fish_oil",1984,0.0753093060785369
13,"fish_oil",1984,0.0753093060785369
12,"fish_oil",1984,0.0753093060785369
6,"fish_oil",1984,0.0753093060785369
2,"fish_oil",1985,0.0639049217487665
11,"fish_oil",1985,0.0639049217487665
5,"fish_oil",1985,0.0639049217487665
4,"fish_oil",1985,0.0639049217487665
3,"fish_oil",1985,0.0639049217487665
14,"fish_oil",1985,0.0639049217487665
7,"fish_oil",1985,0.0639049217487665
1,"fish_oil",1985,0.0639049217487665
8,"fish_oil",1985,0.0639049217487665
9,"fish_oil",1985,0.0639049217487665
10,"fish_oil",1985,0.0639049217487665
13,"fish_oil",1985,0.0639049217487665
12,"fish_oil",1985,0.0639049217487665
6,"fish_oil",1985,0.0639049217487665
2,"fish_oil",1986,0.0718980831551188
11,"fish_oil",1986,0.0718980831551188
5,"fish_oil",1986,0.0718980831551188
4,"fish_oil",1986,0.0718980831551188
3,"fish_oil",1986,0.0718980831551188
14,"fish_oil",1986,0.0718980831551188
7,"fish_oil",1986,0.0718980831551188
1,"fish_oil",1986,0.0718980831551188
8,"fish_oil",1986,0.0718980831551188
9,"fish_oil",1986,0.0718980831551188
10,"fish_oil",1986,0.0718980831551188
13,"fish_oil",1986,0.0718980831551188
12,"fish_oil",1986,0.0718980831551188
6,"fish_oil",1986,0.0718980831551188
2,"fish_oil",1987,0.0810215906189351
11,"fish_oil",1987,0.0810215906189351
5,"fish_oil",1987,0.0810215906189351
4,"fish_oil",1987,0.0810215906189351
3,"fish_oil",1987,0.0810215906189351
14,"fish_oil",1987,0.0810215906189351
7,"fish_oil",1987,0.0810215906189351
1,"fish_oil",1987,0.0810215906189351
8,"fish_oil",1987,0.0810215906189351
9,"fish_oil",1987,0.0810215906189351
10,"fish_oil",1987,0.0810215906189351
13,"fish_oil",1987,0.0810215906189351
12,"fish_oil",1987,0.0810215906189351
6,"fish_oil",1987,0.0810215906189351
2,"fish_oil",1988,0.10009618033864
11,"fish_oil",1988,0.10009618033864
5,"fish_oil",1988,0.10009618033864
4,"fish_oil",1988,0.10009618033864
3,"fish_oil",1988,0.10009618033864
14,"fish_oil",1988,0.10009618033864
7,"fish_oil",1988,0.10009618033864
1,"fish_oil",1988,0.10009618033864
8,"fish_oil",1988,0.10009618033864
9,"fish_oil",1988,0.10009618033864
10,"fish_oil",1988,0.10009618033864
13,"fish_oil",1988,0.10009618033864
12,"fish_oil",1988,0.10009618033864
6,"fish_oil",1988,0.10009618033864
2,"fish_oil",1989,0.134168040070768
11,"fish_oil",1989,0.134168040070768
5,"fish_oil",1989,0.134168040070768
4,"fish_oil",1989,0.134168040070768
3,"fish_oil",1989,0.134168040070768
14,"fish_oil",1989,0.134168040070768
7,"fish_oil",1989,0.134168040070768
1,"fish_oil",1989,0.134168040070768
8,"fish_oil",1989,0.134168040070768
9,"fish_oil",1989,0.134168040070768
10,"fish_oil",1989,0.134168040070768
13,"fish_oil",1989,0.134168040070768
12,"fish_oil",1989,0.134168040070768
6,"fish_oil",1989,0.134168040070768
2,"fish_oil",1990,0.150578242655021
11,"fish_oil",1990,0.150578242655021
5,"fish_oil",1990,0.150578242655021
4,"fish_oil",1990,0.150578242655021
3,"fish_oil",1990,0.150578242655021
14,"fish_oil",1990,0.150578242655021
7,"fish_oil",1990,0.150578242655021
1,"fish_oil",1990,0.150578242655021
8,"fish_oil",1990,0.150578242655021
9,"fish_oil",1990,0.150578242655021
10,"fish_oil",1990,0.150578242655021
13,"fish_oil",1990,0.150578242655021
12,"fish_oil",1990,0.150578242655021
6,"fish_oil",1990,0.150578242655021
2,"fish_oil",1991,0.190826636201149
11,"fish_oil",1991,0.190826636201149
5,"fish_oil",1991,0.190826636201149
4,"fish_oil",1991,0.190826636201149
3,"fish_oil",1991,0.190826636201149
14,"fish_oil",1991,0.190826636201149
7,"fish_oil",1991,0.190826636201149
1,"fish_oil",1991,0.190826636201149
8,"fish_oil",1991,0.190826636201149
9,"fish_oil",1991,0.190826636201149
10,"fish_oil",1991,0.190826636201149
13,"fish_oil",1991,0.190826636201149
12,"fish_oil",1991,0.190826636201149
6,"fish_oil",1991,0.190826636201149
2,"fish_oil",1992,0.246516364282276
11,"fish_oil",1992,0.246516364282276
5,"fish_oil",1992,0.246516364282276
4,"fish_oil",1992,0.246516364282276
3,"fish_oil",1992,0.246516364282276
14,"fish_oil",1992,0.246516364282276
7,"fish_oil",1992,0.246516364282276
1,"fish_oil",1992,0.246516364282276
8,"fish_oil",1992,0.246516364282276
9,"fish_oil",1992,0.246516364282276
10,"fish_oil",1992,0.246516364282276
13,"fish_oil",1992,0.246516364282276
12,"fish_oil",1992,0.246516364282276
6,"fish_oil",1992,0.246516364282276
2,"fish_oil",1993,0.298088403154069
11,"fish_oil",1993,0.298088403154069
5,"fish_oil",1993,0.298088403154069
4,"fish_oil",1993,0.298088403154069
3,"fish_oil",1993,0.298088403154069
14,"fish_oil",1993,0.298088403154069
7,"fish_oil",1993,0.298088403154069
1,"fish_oil",1993,0.298088403154069
8,"fish_oil",1993,0.298088403154069
9,"fish_oil",1993,0.298088403154069
10,"fish_oil",1993,0.298088403154069
13,"fish_oil",1993,0.298088403154069
12,"fish_oil",1993,0.298088403154069
6,"fish_oil",1993,0.298088403154069
2,"fish_oil",1994,0.363426442225692
11,"fish_oil",1994,0.363426442225692
5,"fish_oil",1994,0.363426442225692
4,"fish_oil",1994,0.363426442225692
3,"fish_oil",1994,0.363426442225692
14,"fish_oil",1994,0.363426442225692
7,"fish_oil",1994,0.363426442225692
1,"fish_oil",1994,0.363426442225692
8,"fish_oil",1994,0.363426442225692
9,"fish_oil",1994,0.363426442225692
10,"fish_oil",1994,0.363426442225692
13,"fish_oil",1994,0.363426442225692
12,"fish_oil",1994,0.363426442225692
6,"fish_oil",1994,0.363426442225692
2,"fish_oil",1995,0.463199666547913
11,"fish_oil",1995,0.463199666547913
5,"fish_oil",1995,0.463199666547913
4,"fish_oil",1995,0.463199666547913
3,"fish_oil",1995,0.463199666547913
14,"fish_oil",1995,0.463199666547913
7,"fish_oil",1995,0.463199666547913
1,"fish_oil",1995,0.463199666547913
8,"fish_oil",1995,0.463199666547913
9,"fish_oil",1995,0.463199666547913
10,"fish_oil",1995,0.463199666547913
13,"fish_oil",1995,0.463199666547913
12,"fish_oil",1995,0.463199666547913
6,"fish_oil",1995,0.463199666547913
2,"fish_oil",1996,0.587779949881263
11,"fish_oil",1996,0.587779949881263
5,"fish_oil",1996,0.587779949881263
4,"fish_oil",1996,0.587779949881263
3,"fish_oil",1996,0.587779949881263
14,"fish_oil",1996,0.587779949881263
7,"fish_oil",1996,0.587779949881263
1,"fish_oil",1996,0.587779949881263
8,"fish_oil",1996,0.587779949881263
9,"fish_oil",1996,0.587779949881263
10,"fish_oil",1996,0.587779949881263
13,"fish_oil",1996,0.587779949881263
12,"fish_oil",1996,0.587779949881263
6,"fish_oil",1996,0.587779949881263
2,"fish_oil",1997,0.726731775945227
11,"fish_oil",1997,0.726731775945227
5,"fish_oil",1997,0.726731775945227
4,"fish_oil",1997,0.726731775945227
3,"fish_oil",1997,0.726731775945227
14,"fish_oil",1997,0.726731775945227
7,"fish_oil",1997,0.726731775945227
1,"fish_oil",1997,0.726731775945227
8,"fish_oil",1997,0.726731775945227
9,"fish_oil",1997,0.726731775945227
10,"fish_oil",1997,0.726731775945227
13,"fish_oil",1997,0.726731775945227
12,"fish_oil",1997,0.726731775945227
6,"fish_oil",1997,0.726731775945227
2,"fish_oil",1998,0.792453325286346
11,"fish_oil",1998,0.792453325286346
5,"fish_oil",1998,0.792453325286346
4,"fish_oil",1998,0.792453325286346
3,"fish_oil",1998,0.792453325286346
14,"fish_oil",1998,0.792453325286346
7,"fish_oil",1998,0.792453325286346
1,"fish_oil",1998,0.792453325286346
8,"fish_oil",1998,0.792453325286346
9,"fish_oil",1998,0.792453325286346
10,"fish_oil",1998,0.792453325286346
13,"fish_oil",1998,0.792453325286346
12,"fish_oil",1998,0.792453325286346
6,"fish_oil",1998,0.792453325286346
2,"fish_oil",1999,0.78112967996068
11,"fish_oil",1999,0.78112967996068
5,"fish_oil",1999,0.78112967996068
4,"fish_oil",1999,0.78112967996068
3,"fish_oil",1999,0.78112967996068
14,"fish_oil",1999,0.78112967996068
7,"fish_oil",1999,0.78112967996068
1,"fish_oil",1999,0.78112967996068
8,"fish_oil",1999,0.78112967996068
9,"fish_oil",1999,0.78112967996068
10,"fish_oil",1999,0.78112967996068
13,"fish_oil",1999,0.78112967996068
12,"fish_oil",1999,0.78112967996068
6,"fish_oil",1999,0.78112967996068
2,"fish_oil",2000,0.735734174902886
11,"fish_oil",2000,0.735734174902886
5,"fish_oil",2000,0.735734174902886
4,"fish_oil",2000,0.735734174902886
3,"fish_oil",2000,0.735734174902886
14,"fish_oil",2000,0.735734174902886
7,"fish_oil",2000,0.735734174902886
1,"fish_oil",2000,0.735734174902886
8,"fish_oil",2000,0.735734174902886
9,"fish_oil",2000,0.735734174902886
10,"fish_oil",2000,0.735734174902886
13,"fish_oil",2000,0.735734174902886
12,"fish_oil",2000,0.735734174902886
6,"fish_oil",2000,0.735734174902886
2,"fish_oil",2001,0.695647259364968
11,"fish_oil",2001,0.695647259364968
5,"fish_oil",2001,0.695647259364968
4,"fish_oil",2001,0.695647259364968
3,"fish_oil",2001,0.695647259364968
14,"fish_oil",2001,0.695647259364968
7,"fish_oil",2001,0.695647259364968
1,"fish_oil",2001,0.695647259364968
8,"fish_oil",2001,0.695647259364968
9,"fish_oil",2001,0.695647259364968
10,"fish_oil",2001,0.695647259364968
13,"fish_oil",2001,0.695647259364968
12,"fish_oil",2001,0.695647259364968
6,"fish_oil",2001,0.695647259364968
2,"fish_oil",2002,0.826565554520526
11,"fish_oil",2002,0.826565554520526
5,"fish_oil",2002,0.826565554520526
4,"fish_oil",2002,0.826565554520526
3,"fish_oil",2002,0.826565554520526
14,"fish_oil",2002,0.826565554520526
7,"fish_oil",2002,0.826565554520526
1,"fish_oil",2002,0.826565554520526
8,"fish_oil",2002,0.826565554520526
9,"fish_oil",2002,0.826565554520526
10,"fish_oil",2002,0.826565554520526
13,"fish_oil",2002,0.826565554520526
12,"fish_oil",2002,0.826565554520526
6,"fish_oil",2002,0.826565554520526
2,"fish_oil",2003,0.949228286506393
11,"fish_oil",2003,0.949228286506393
5,"fish_oil",2003,0.949228286506393
4,"fish_oil",2003,0.949228286506393
3,"fish_oil",2003,0.949228286506393
14,"fish_oil",2003,0.949228286506393
7,"fish_oil",2003,0.949228286506393
1,"fish_oil",2003,0.949228286506393
8,"fish_oil",2003,0.949228286506393
9,"fish_oil",2003,0.949228286506393
10,"fish_oil",2003,0.949228286506393
13,"fish_oil",2003,0.949228286506393
12,"fish_oil",2003,0.949228286506393
6,"fish_oil",2003,0.949228286506393
2,"fish_oil",2004,1
11,"fish_oil",2004,1
5,"fish_oil",2004,1
4,"fish_oil",2004,1
3,"fish_oil",2004,1
14,"fish_oil",2004,1
7,"fish_oil",2004,1
1,"fish_oil",2004,1
8,"fish_oil",2004,1
9,"fish_oil",2004,1
10,"fish_oil",2004,1
13,"fish_oil",2004,1
12,"fish_oil",2004,1
6,"fish_oil",2004,1
2,"fish_oil",2005,1
11,"fish_oil",2005,1
5,"fish_oil",2005,1
4,"fish_oil",2005,1
3,"fish_oil",2005,1
14,"fish_oil",2005,1
7,"fish_oil",2005,1
1,"fish_oil",2005,1
8,"fish_oil",2005,1
9,"fish_oil",2005,1
10,"fish_oil",2005,1
13,"fish_oil",2005,1
12,"fish_oil",2005,1
6,"fish_oil",2005,1
2,"fish_oil",2006,1
11,"fish_oil",2006,1
5,"fish_oil",2006,1
4,"fish_oil",2006,1
3,"fish_oil",2006,1
14,"fish_oil",2006,1
7,"fish_oil",2006,1
1,"fish_oil",2006,1
8,"fish_oil",2006,1
9,"fish_oil",2006,1
10,"fish_oil",2006,1
13,"fish_oil",2006,1
12,"fish_oil",2006,1
6,"fish_oil",2006,1
2,"fish_oil",2007,1
11,"fish_oil",2007,1
5,"fish_oil",2007,1
4,"fish_oil",2007,1
3,"fish_oil",2007,1
14,"fish_oil",2007,1
7,"fish_oil",2007,1
1,"fish_oil",2007,1
8,"fish_oil",2007,1
9,"fish_oil",2007,1
10,"fish_oil",2007,1
13,"fish_oil",2007,1
12,"fish_oil",2007,1
6,"fish_oil",2007,1
2,"fish_oil",2008,1
11,"fish_oil",2008,1
5,"fish_oil",2008,1
4,"fish_oil",2008,1
3,"fish_oil",2008,1
14,"fish_oil",2008,1
7,"fish_oil",2008,1
1,"fish_oil",2008,1
8,"fish_oil",2008,1
9,"fish_oil",2008,1
10,"fish_oil",2008,1
13,"fish_oil",2008,1
12,"fish_oil",2008,1
6,"fish_oil",2008,1
2,"fish_oil",2009,1
11,"fish_oil",2009,1
5,"fish_oil",2009,1
4,"fish_oil",2009,1
3,"fish_oil",2009,1
14,"fish_oil",2009,1
7,"fish_oil",2009,1
1,"fish_oil",2009,1
8,"fish_oil",2009,1
9,"fish_oil",2009,1
10,"fish_oil",2009,1
13,"fish_oil",2009,1
12,"fish_oil",2009,1
6,"fish_oil",2009,1
2,"fish_oil",2010,1
11,"fish_oil",2010,1
5,"fish_oil",2010,1
4,"fish_oil",2010,1
3,"fish_oil",2010,1
14,"fish_oil",2010,1
7,"fish_oil",2010,1
1,"fish_oil",2010,1
8,"fish_oil",2010,1
9,"fish_oil",2010,1
10,"fish_oil",2010,1
13,"fish_oil",2010,1
12,"fish_oil",2010,1
6,"fish_oil",2010,1
2,"fish_oil",2011,1
11,"fish_oil",2011,1
5,"fish_oil",2011,1
4,"fish_oil",2011,1
3,"fish_oil",2011,1
14,"fish_oil",2011,1
7,"fish_oil",2011,1
1,"fish_oil",2011,1
8,"fish_oil",2011,1
9,"fish_oil",2011,1
10,"fish_oil",2011,1
13,"fish_oil",2011,1
12,"fish_oil",2011,1
6,"fish_oil",2011,1
2,"ornamentals",1976,0.188817580121928
11,"ornamentals",1976,0.188817580121928
5,"ornamentals",1976,0.188817580121928
4,"ornamentals",1976,0.188817580121928
3,"ornamentals",1976,0.188817580121928
14,"ornamentals",1976,0.188817580121928
7,"ornamentals",1976,0.188817580121928
1,"ornamentals",1976,0.188817580121928
8,"ornamentals",1976,0.188817580121928
9,"ornamentals",1976,0.188817580121928
10,"ornamentals",1976,0.188817580121928
13,"ornamentals",1976,0.188817580121928
12,"ornamentals",1976,0.188817580121928
6,"ornamentals",1976,0.188817580121928
2,"ornamentals",1977,0.201271505619332
11,"ornamentals",1977,0.201271505619332
5,"ornamentals",1977,0.201271505619332
4,"ornamentals",1977,0.201271505619332
3,"ornamentals",1977,0.201271505619332
14,"ornamentals",1977,0.201271505619332
7,"ornamentals",1977,0.201271505619332
1,"ornamentals",1977,0.201271505619332
8,"ornamentals",1977,0.201271505619332
9,"ornamentals",1977,0.201271505619332
10,"ornamentals",1977,0.201271505619332
13,"ornamentals",1977,0.201271505619332
12,"ornamentals",1977,0.201271505619332
6,"ornamentals",1977,0.201271505619332
2,"ornamentals",1978,0.263942872638525
11,"ornamentals",1978,0.263942872638525
5,"ornamentals",1978,0.263942872638525
4,"ornamentals",1978,0.263942872638525
3,"ornamentals",1978,0.263942872638525
14,"ornamentals",1978,0.263942872638525
7,"ornamentals",1978,0.263942872638525
1,"ornamentals",1978,0.263942872638525
8,"ornamentals",1978,0.263942872638525
9,"ornamentals",1978,0.263942872638525
10,"ornamentals",1978,0.263942872638525
13,"ornamentals",1978,0.263942872638525
12,"ornamentals",1978,0.263942872638525
6,"ornamentals",1978,0.263942872638525
2,"ornamentals",1979,0.365181234746452
11,"ornamentals",1979,0.365181234746452
5,"ornamentals",1979,0.365181234746452
4,"ornamentals",1979,0.365181234746452
3,"ornamentals",1979,0.365181234746452
14,"ornamentals",1979,0.365181234746452
7,"ornamentals",1979,0.365181234746452
1,"ornamentals",1979,0.365181234746452
8,"ornamentals",1979,0.365181234746452
9,"ornamentals",1979,0.365181234746452
10,"ornamentals",1979,0.365181234746452
13,"ornamentals",1979,0.365181234746452
12,"ornamentals",1979,0.365181234746452
6,"ornamentals",1979,0.365181234746452
2,"ornamentals",1980,0.436891741239567
11,"ornamentals",1980,0.436891741239567
5,"ornamentals",1980,0.436891741239567
4,"ornamentals",1980,0.436891741239567
3,"ornamentals",1980,0.436891741239567
14,"ornamentals",1980,0.436891741239567
7,"ornamentals",1980,0.436891741239567
1,"ornamentals",1980,0.436891741239567
8,"ornamentals",1980,0.436891741239567
9,"ornamentals",1980,0.436891741239567
10,"ornamentals",1980,0.436891741239567
13,"ornamentals",1980,0.436891741239567
12,"ornamentals",1980,0.436891741239567
6,"ornamentals",1980,0.436891741239567
2,"ornamentals",1981,0.587544065804935
11,"ornamentals",1981,0.587544065804935
5,"ornamentals",1981,0.587544065804935
4,"ornamentals",1981,0.587544065804935
3,"ornamentals",1981,0.587544065804935
14,"ornamentals",1981,0.587544065804935
7,"ornamentals",1981,0.587544065804935
1,"ornamentals",1981,0.587544065804935
8,"ornamentals",1981,0.587544065804935
9,"ornamentals",1981,0.587544065804935
10,"ornamentals",1981,0.587544065804935
13,"ornamentals",1981,0.587544065804935
12,"ornamentals",1981,0.587544065804935
6,"ornamentals",1981,0.587544065804935
2,"ornamentals",1982,0.801470366687758
11,"ornamentals",1982,0.801470366687758
5,"ornamentals",1982,0.801470366687758
4,"ornamentals",1982,0.801470366687758
3,"ornamentals",1982,0.801470366687758
14,"ornamentals",1982,0.801470366687758
7,"ornamentals",1982,0.801470366687758
1,"ornamentals",1982,0.801470366687758
8,"ornamentals",1982,0.801470366687758
9,"ornamentals",1982,0.801470366687758
10,"ornamentals",1982,0.801470366687758
13,"ornamentals",1982,0.801470366687758
12,"ornamentals",1982,0.801470366687758
6,"ornamentals",1982,0.801470366687758
2,"ornamentals",1983,0.96176444002531
11,"ornamentals",1983,0.96176444002531
5,"ornamentals",1983,0.96176444002531
4,"ornamentals",1983,0.96176444002531
3,"ornamentals",1983,0.96176444002531
14,"ornamentals",1983,0.96176444002531
7,"ornamentals",1983,0.96176444002531
1,"ornamentals",1983,0.96176444002531
8,"ornamentals",1983,0.96176444002531
9,"ornamentals",1983,0.96176444002531
10,"ornamentals",1983,0.96176444002531
13,"ornamentals",1983,0.96176444002531
12,"ornamentals",1983,0.96176444002531
6,"ornamentals",1983,0.96176444002531
2,"ornamentals",1984,1
11,"ornamentals",1984,1
5,"ornamentals",1984,1
4,"ornamentals",1984,1
3,"ornamentals",1984,1
14,"ornamentals",1984,1
7,"ornamentals",1984,1
1,"ornamentals",1984,1
8,"ornamentals",1984,1
9,"ornamentals",1984,1
10,"ornamentals",1984,1
13,"ornamentals",1984,1
12,"ornamentals",1984,1
6,"ornamentals",1984,1
2,"ornamentals",1985,1
11,"ornamentals",1985,1
5,"ornamentals",1985,1
4,"ornamentals",1985,1
3,"ornamentals",1985,1
14,"ornamentals",1985,1
7,"ornamentals",1985,1
1,"ornamentals",1985,1
8,"ornamentals",1985,1
9,"ornamentals",1985,1
10,"ornamentals",1985,1
13,"ornamentals",1985,1
12,"ornamentals",1985,1
6,"ornamentals",1985,1
2,"ornamentals",1986,1
11,"ornamentals",1986,1
5,"ornamentals",1986,1
4,"ornamentals",1986,1
3,"ornamentals",1986,1
14,"ornamentals",1986,1
7,"ornamentals",1986,1
1,"ornamentals",1986,1
8,"ornamentals",1986,1
9,"ornamentals",1986,1
10,"ornamentals",1986,1
13,"ornamentals",1986,1
12,"ornamentals",1986,1
6,"ornamentals",1986,1
2,"ornamentals",1987,1
11,"ornamentals",1987,1
5,"ornamentals",1987,1
4,"ornamentals",1987,1
3,"ornamentals",1987,1
14,"ornamentals",1987,1
7,"ornamentals",1987,1
1,"ornamentals",1987,1
8,"ornamentals",1987,1
9,"ornamentals",1987,1
10,"ornamentals",1987,1
13,"ornamentals",1987,1
12,"ornamentals",1987,1
6,"ornamentals",1987,1
2,"ornamentals",1988,1
11,"ornamentals",1988,1
5,"ornamentals",1988,1
4,"ornamentals",1988,1
3,"ornamentals",1988,1
14,"ornamentals",1988,1
7,"ornamentals",1988,1
1,"ornamentals",1988,1
8,"ornamentals",1988,1
9,"ornamentals",1988,1
10,"ornamentals",1988,1
13,"ornamentals",1988,1
12,"ornamentals",1988,1
6,"ornamentals",1988,1
2,"ornamentals",1989,1
11,"ornamentals",1989,1
5,"ornamentals",1989,1
4,"ornamentals",1989,1
3,"ornamentals",1989,1
14,"ornamentals",1989,1
7,"ornamentals",1989,1
1,"ornamentals",1989,1
8,"ornamentals",1989,1
9,"ornamentals",1989,1
10,"ornamentals",1989,1
13,"ornamentals",1989,1
12,"ornamentals",1989,1
6,"ornamentals",1989,1
2,"ornamentals",1990,1
11,"ornamentals",1990,1
5,"ornamentals",1990,1
4,"ornamentals",1990,1
3,"ornamentals",1990,1
14,"ornamentals",1990,1
7,"ornamentals",1990,1
1,"ornamentals",1990,1
8,"ornamentals",1990,1
9,"ornamentals",1990,1
10,"ornamentals",1990,1
13,"ornamentals",1990,1
12,"ornamentals",1990,1
6,"ornamentals",1990,1
2,"ornamentals",1991,1
11,"ornamentals",1991,1
5,"ornamentals",1991,1
4,"ornamentals",1991,1
3,"ornamentals",1991,1
14,"ornamentals",1991,1
7,"ornamentals",1991,1
1,"ornamentals",1991,1
8,"ornamentals",1991,1
9,"ornamentals",1991,1
10,"ornamentals",1991,1
13,"ornamentals",1991,1
12,"ornamentals",1991,1
6,"ornamentals",1991,1
2,"ornamentals",1992,1
11,"ornamentals",1992,1
5,"ornamentals",1992,1
4,"ornamentals",1992,1
3,"ornamentals",1992,1
14,"ornamentals",1992,1
7,"ornamentals",1992,1
1,"ornamentals",1992,1
8,"ornamentals",1992,1
9,"ornamentals",1992,1
10,"ornamentals",1992,1
13,"ornamentals",1992,1
12,"ornamentals",1992,1
6,"ornamentals",1992,1
2,"ornamentals",1993,1
11,"ornamentals",1993,1
5,"ornamentals",1993,1
4,"ornamentals",1993,1
3,"ornamentals",1993,1
14,"ornamentals",1993,1
7,"ornamentals",1993,1
1,"ornamentals",1993,1
8,"ornamentals",1993,1
9,"ornamentals",1993,1
10,"ornamentals",1993,1
13,"ornamentals",1993,1
12,"ornamentals",1993,1
6,"ornamentals",1993,1
2,"ornamentals",1994,0.68757720931634
11,"ornamentals",1994,0.68757720931634
5,"ornamentals",1994,0.68757720931634
4,"ornamentals",1994,0.68757720931634
3,"ornamentals",1994,0.68757720931634
14,"ornamentals",1994,0.68757720931634
7,"ornamentals",1994,0.68757720931634
1,"ornamentals",1994,0.68757720931634
8,"ornamentals",1994,0.68757720931634
9,"ornamentals",1994,0.68757720931634
10,"ornamentals",1994,0.68757720931634
13,"ornamentals",1994,0.68757720931634
12,"ornamentals",1994,0.68757720931634
6,"ornamentals",1994,0.68757720931634
2,"ornamentals",1995,0.427249992467384
11,"ornamentals",1995,0.427249992467384
5,"ornamentals",1995,0.427249992467384
4,"ornamentals",1995,0.427249992467384
3,"ornamentals",1995,0.427249992467384
14,"ornamentals",1995,0.427249992467384
7,"ornamentals",1995,0.427249992467384
1,"ornamentals",1995,0.427249992467384
8,"ornamentals",1995,0.427249992467384
9,"ornamentals",1995,0.427249992467384
10,"ornamentals",1995,0.427249992467384
13,"ornamentals",1995,0.427249992467384
12,"ornamentals",1995,0.427249992467384
6,"ornamentals",1995,0.427249992467384
2,"ornamentals",1996,0.00421826508783031
11,"ornamentals",1996,0.00421826508783031
5,"ornamentals",1996,0.00421826508783031
4,"ornamentals",1996,0.00421826508783031
3,"ornamentals",1996,0.00421826508783031
14,"ornamentals",1996,0.00421826508783031
7,"ornamentals",1996,0.00421826508783031
1,"ornamentals",1996,0.00421826508783031
8,"ornamentals",1996,0.00421826508783031
9,"ornamentals",1996,0.00421826508783031
10,"ornamentals",1996,0.00421826508783031
13,"ornamentals",1996,0.00421826508783031
12,"ornamentals",1996,0.00421826508783031
6,"ornamentals",1996,0.00421826508783031
2,"ornamentals",1997,0.00421826508783031
11,"ornamentals",1997,0.00421826508783031
5,"ornamentals",1997,0.00421826508783031
4,"ornamentals",1997,0.00421826508783031
3,"ornamentals",1997,0.00421826508783031
14,"ornamentals",1997,0.00421826508783031
7,"ornamentals",1997,0.00421826508783031
1,"ornamentals",1997,0.00421826508783031
8,"ornamentals",1997,0.00421826508783031
9,"ornamentals",1997,0.00421826508783031
10,"ornamentals",1997,0.00421826508783031
13,"ornamentals",1997,0.00421826508783031
12,"ornamentals",1997,0.00421826508783031
6,"ornamentals",1997,0.00421826508783031
2,"ornamentals",1998,0.0144626231582753
11,"ornamentals",1998,0.0144626231582753
5,"ornamentals",1998,0.0144626231582753
4,"ornamentals",1998,0.0144626231582753
3,"ornamentals",1998,0.0144626231582753
14,"ornamentals",1998,0.0144626231582753
7,"ornamentals",1998,0.0144626231582753
1,"ornamentals",1998,0.0144626231582753
8,"ornamentals",1998,0.0144626231582753
9,"ornamentals",1998,0.0144626231582753
10,"ornamentals",1998,0.0144626231582753
13,"ornamentals",1998,0.0144626231582753
12,"ornamentals",1998,0.0144626231582753
6,"ornamentals",1998,0.0144626231582753
2,"ornamentals",1999,0.0162704510530597
11,"ornamentals",1999,0.0162704510530597
5,"ornamentals",1999,0.0162704510530597
4,"ornamentals",1999,0.0162704510530597
3,"ornamentals",1999,0.0162704510530597
14,"ornamentals",1999,0.0162704510530597
7,"ornamentals",1999,0.0162704510530597
1,"ornamentals",1999,0.0162704510530597
8,"ornamentals",1999,0.0162704510530597
9,"ornamentals",1999,0.0162704510530597
10,"ornamentals",1999,0.0162704510530597
13,"ornamentals",1999,0.0162704510530597
12,"ornamentals",1999,0.0162704510530597
6,"ornamentals",1999,0.0162704510530597
2,"ornamentals",2000,0.389285606676911
11,"ornamentals",2000,0.389285606676911
5,"ornamentals",2000,0.389285606676911
4,"ornamentals",2000,0.389285606676911
3,"ornamentals",2000,0.389285606676911
14,"ornamentals",2000,0.389285606676911
7,"ornamentals",2000,0.389285606676911
1,"ornamentals",2000,0.389285606676911
8,"ornamentals",2000,0.389285606676911
9,"ornamentals",2000,0.389285606676911
10,"ornamentals",2000,0.389285606676911
13,"ornamentals",2000,0.389285606676911
12,"ornamentals",2000,0.389285606676911
6,"ornamentals",2000,0.389285606676911
2,"ornamentals",2001,0.47485612703004
11,"ornamentals",2001,0.47485612703004
5,"ornamentals",2001,0.47485612703004
4,"ornamentals",2001,0.47485612703004
3,"ornamentals",2001,0.47485612703004
14,"ornamentals",2001,0.47485612703004
7,"ornamentals",2001,0.47485612703004
1,"ornamentals",2001,0.47485612703004
8,"ornamentals",2001,0.47485612703004
9,"ornamentals",2001,0.47485612703004
10,"ornamentals",2001,0.47485612703004
13,"ornamentals",2001,0.47485612703004
12,"ornamentals",2001,0.47485612703004
6,"ornamentals",2001,0.47485612703004
2,"ornamentals",2002,0.464009159661334
11,"ornamentals",2002,0.464009159661334
5,"ornamentals",2002,0.464009159661334
4,"ornamentals",2002,0.464009159661334
3,"ornamentals",2002,0.464009159661334
14,"ornamentals",2002,0.464009159661334
7,"ornamentals",2002,0.464009159661334
1,"ornamentals",2002,0.464009159661334
8,"ornamentals",2002,0.464009159661334
9,"ornamentals",2002,0.464009159661334
10,"ornamentals",2002,0.464009159661334
13,"ornamentals",2002,0.464009159661334
12,"ornamentals",2002,0.464009159661334
6,"ornamentals",2002,0.464009159661334
2,"ornamentals",2003,0.461598722468288
11,"ornamentals",2003,0.461598722468288
5,"ornamentals",2003,0.461598722468288
4,"ornamentals",2003,0.461598722468288
3,"ornamentals",2003,0.461598722468288
14,"ornamentals",2003,0.461598722468288
7,"ornamentals",2003,0.461598722468288
1,"ornamentals",2003,0.461598722468288
8,"ornamentals",2003,0.461598722468288
9,"ornamentals",2003,0.461598722468288
10,"ornamentals",2003,0.461598722468288
13,"ornamentals",2003,0.461598722468288
12,"ornamentals",2003,0.461598722468288
6,"ornamentals",2003,0.461598722468288
2,"ornamentals",2004,0.0921992226340052
11,"ornamentals",2004,0.0921992226340052
5,"ornamentals",2004,0.0921992226340052
4,"ornamentals",2004,0.0921992226340052
3,"ornamentals",2004,0.0921992226340052
14,"ornamentals",2004,0.0921992226340052
7,"ornamentals",2004,0.0921992226340052
1,"ornamentals",2004,0.0921992226340052
8,"ornamentals",2004,0.0921992226340052
9,"ornamentals",2004,0.0921992226340052
10,"ornamentals",2004,0.0921992226340052
13,"ornamentals",2004,0.0921992226340052
12,"ornamentals",2004,0.0921992226340052
6,"ornamentals",2004,0.0921992226340052
2,"ornamentals",2005,0.0723131157913767
11,"ornamentals",2005,0.0723131157913767
5,"ornamentals",2005,0.0723131157913767
4,"ornamentals",2005,0.0723131157913767
3,"ornamentals",2005,0.0723131157913767
14,"ornamentals",2005,0.0723131157913767
7,"ornamentals",2005,0.0723131157913767
1,"ornamentals",2005,0.0723131157913767
8,"ornamentals",2005,0.0723131157913767
9,"ornamentals",2005,0.0723131157913767
10,"ornamentals",2005,0.0723131157913767
13,"ornamentals",2005,0.0723131157913767
12,"ornamentals",2005,0.0723131157913767
6,"ornamentals",2005,0.0723131157913767
2,"ornamentals",2006,0.0831600831600832
11,"ornamentals",2006,0.0831600831600832
5,"ornamentals",2006,0.0831600831600832
4,"ornamentals",2006,0.0831600831600832
3,"ornamentals",2006,0.0831600831600832
14,"ornamentals",2006,0.0831600831600832
7,"ornamentals",2006,0.0831600831600832
1,"ornamentals",2006,0.0831600831600832
8,"ornamentals",2006,0.0831600831600832
9,"ornamentals",2006,0.0831600831600832
10,"ornamentals",2006,0.0831600831600832
13,"ornamentals",2006,0.0831600831600832
12,"ornamentals",2006,0.0831600831600832
6,"ornamentals",2006,0.0831600831600832
2,"ornamentals",2007,0.0897887854409593
11,"ornamentals",2007,0.0897887854409593
5,"ornamentals",2007,0.0897887854409593
4,"ornamentals",2007,0.0897887854409593
3,"ornamentals",2007,0.0897887854409593
14,"ornamentals",2007,0.0897887854409593
7,"ornamentals",2007,0.0897887854409593
1,"ornamentals",2007,0.0897887854409593
8,"ornamentals",2007,0.0897887854409593
9,"ornamentals",2007,0.0897887854409593
10,"ornamentals",2007,0.0897887854409593
13,"ornamentals",2007,0.0897887854409593
12,"ornamentals",2007,0.0897887854409593
6,"ornamentals",2007,0.0897887854409593
2,"ornamentals",2008,0.125945343336648
11,"ornamentals",2008,0.125945343336648
5,"ornamentals",2008,0.125945343336648
4,"ornamentals",2008,0.125945343336648
3,"ornamentals",2008,0.125945343336648
14,"ornamentals",2008,0.125945343336648
7,"ornamentals",2008,0.125945343336648
1,"ornamentals",2008,0.125945343336648
8,"ornamentals",2008,0.125945343336648
9,"ornamentals",2008,0.125945343336648
10,"ornamentals",2008,0.125945343336648
13,"ornamentals",2008,0.125945343336648
12,"ornamentals",2008,0.125945343336648
6,"ornamentals",2008,0.125945343336648
2,"ornamentals",2009,0.0783392087739914
11,"ornamentals",2009,0.0783392087739914
5,"ornamentals",2009,0.0783392087739914
4,"ornamentals",2009,0.0783392087739914
3,"ornamentals",2009,0.0783392087739914
14,"ornamentals",2009,0.0783392087739914
7,"ornamentals",2009,0.0783392087739914
1,"ornamentals",2009,0.0783392087739914
8,"ornamentals",2009,0.0783392087739914
9,"ornamentals",2009,0.0783392087739914
10,"ornamentals",2009,0.0783392087739914
13,"ornamentals",2009,0.0783392087739914
12,"ornamentals",2009,0.0783392087739914
6,"ornamentals",2009,0.0783392087739914
2,"ornamentals",2010,0.0899896552070465
11,"ornamentals",2010,0.0899896552070465
5,"ornamentals",2010,0.0899896552070465
4,"ornamentals",2010,0.0899896552070465
3,"ornamentals",2010,0.0899896552070465
14,"ornamentals",2010,0.0899896552070465
7,"ornamentals",2010,0.0899896552070465
1,"ornamentals",2010,0.0899896552070465
8,"ornamentals",2010,0.0899896552070465
9,"ornamentals",2010,0.0899896552070465
10,"ornamentals",2010,0.0899896552070465
13,"ornamentals",2010,0.0899896552070465
12,"ornamentals",2010,0.0899896552070465
6,"ornamentals",2010,0.0899896552070465
2,"ornamentals",2011,0.121727078248817
11,"ornamentals",2011,0.121727078248817
5,"ornamentals",2011,0.121727078248817
4,"ornamentals",2011,0.121727078248817
3,"ornamentals",2011,0.121727078248817
14,"ornamentals",2011,0.121727078248817
7,"ornamentals",2011,0.121727078248817
1,"ornamentals",2011,0.121727078248817
8,"ornamentals",2011,0.121727078248817
9,"ornamentals",2011,0.121727078248817
10,"ornamentals",2011,0.121727078248817
13,"ornamentals",2011,0.121727078248817
12,"ornamentals",2011,0.121727078248817
6,"ornamentals",2011,0.121727078248817
2,"seaweeds",1994,0.450022984207123
11,"seaweeds",1994,0.450022984207123
5,"seaweeds",1994,0.450022984207123
4,"seaweeds",1994,0.450022984207123
3,"seaweeds",1994,0.450022984207123
14,"seaweeds",1994,0.450022984207123
7,"seaweeds",1994,0.450022984207123
1,"seaweeds",1994,0.450022984207123
8,"seaweeds",1994,0.450022984207123
9,"seaweeds",1994,0.450022984207123
10,"seaweeds",1994,0.450022984207123
13,"seaweeds",1994,0.450022984207123
12,"seaweeds",1994,0.450022984207123
6,"seaweeds",1994,0.450022984207123
2,"seaweeds",1995,0.429609891779445
11,"seaweeds",1995,0.429609891779445
5,"seaweeds",1995,0.429609891779445
4,"seaweeds",1995,0.429609891779445
3,"seaweeds",1995,0.429609891779445
14,"seaweeds",1995,0.429609891779445
7,"seaweeds",1995,0.429609891779445
1,"seaweeds",1995,0.429609891779445
8,"seaweeds",1995,0.429609891779445
9,"seaweeds",1995,0.429609891779445
10,"seaweeds",1995,0.429609891779445
13,"seaweeds",1995,0.429609891779445
12,"seaweeds",1995,0.429609891779445
6,"seaweeds",1995,0.429609891779445
2,"seaweeds",1996,0.45158123553748
11,"seaweeds",1996,0.45158123553748
5,"seaweeds",1996,0.45158123553748
4,"seaweeds",1996,0.45158123553748
3,"seaweeds",1996,0.45158123553748
14,"seaweeds",1996,0.45158123553748
7,"seaweeds",1996,0.45158123553748
1,"seaweeds",1996,0.45158123553748
8,"seaweeds",1996,0.45158123553748
9,"seaweeds",1996,0.45158123553748
10,"seaweeds",1996,0.45158123553748
13,"seaweeds",1996,0.45158123553748
12,"seaweeds",1996,0.45158123553748
6,"seaweeds",1996,0.45158123553748
2,"seaweeds",1997,0.778346539513358
11,"seaweeds",1997,0.778346539513358
5,"seaweeds",1997,0.778346539513358
4,"seaweeds",1997,0.778346539513358
3,"seaweeds",1997,0.778346539513358
14,"seaweeds",1997,0.778346539513358
7,"seaweeds",1997,0.778346539513358
1,"seaweeds",1997,0.778346539513358
8,"seaweeds",1997,0.778346539513358
9,"seaweeds",1997,0.778346539513358
10,"seaweeds",1997,0.778346539513358
13,"seaweeds",1997,0.778346539513358
12,"seaweeds",1997,0.778346539513358
6,"seaweeds",1997,0.778346539513358
2,"seaweeds",1998,1
11,"seaweeds",1998,1
5,"seaweeds",1998,1
4,"seaweeds",1998,1
3,"seaweeds",1998,1
14,"seaweeds",1998,1
7,"seaweeds",1998,1
1,"seaweeds",1998,1
8,"seaweeds",1998,1
9,"seaweeds",1998,1
10,"seaweeds",1998,1
13,"seaweeds",1998,1
12,"seaweeds",1998,1
6,"seaweeds",1998,1
2,"seaweeds",1999,1
11,"seaweeds",1999,1
5,"seaweeds",1999,1
4,"seaweeds",1999,1
3,"seaweeds",1999,1
14,"seaweeds",1999,1
7,"seaweeds",1999,1
1,"seaweeds",1999,1
8,"seaweeds",1999,1
9,"seaweeds",1999,1
10,"seaweeds",1999,1
13,"seaweeds",1999,1
12,"seaweeds",1999,1
6,"seaweeds",1999,1
2,"seaweeds",2000,1
11,"seaweeds",2000,1
5,"seaweeds",2000,1
4,"seaweeds",2000,1
3,"seaweeds",2000,1
14,"seaweeds",2000,1
7,"seaweeds",2000,1
1,"seaweeds",2000,1
8,"seaweeds",2000,1
9,"seaweeds",2000,1
10,"seaweeds",2000,1
13,"seaweeds",2000,1
12,"seaweeds",2000,1
6,"seaweeds",2000,1
2,"seaweeds",2001,1
11,"seaweeds",2001,1
5,"seaweeds",2001,1
4,"seaweeds",2001,1
3,"seaweeds",2001,1
14,"seaweeds",2001,1
7,"seaweeds",2001,1
1,"seaweeds",2001,1
8,"seaweeds",2001,1
9,"seaweeds",2001,1
10,"seaweeds",2001,1
13,"seaweeds",2001,1
12,"seaweeds",2001,1
6,"seaweeds",2001,1
2,"seaweeds",2002,0.870439193137461
11,"seaweeds",2002,0.870439193137461
5,"seaweeds",2002,0.870439193137461
4,"seaweeds",2002,0.870439193137461
3,"seaweeds",2002,0.870439193137461
14,"seaweeds",2002,0.870439193137461
7,"seaweeds",2002,0.870439193137461
1,"seaweeds",2002,0.870439193137461
8,"seaweeds",2002,0.870439193137461
9,"seaweeds",2002,0.870439193137461
10,"seaweeds",2002,0.870439193137461
13,"seaweeds",2002,0.870439193137461
12,"seaweeds",2002,0.870439193137461
6,"seaweeds",2002,0.870439193137461
2,"seaweeds",2003,0.345464319940163
11,"seaweeds",2003,0.345464319940163
5,"seaweeds",2003,0.345464319940163
4,"seaweeds",2003,0.345464319940163
3,"seaweeds",2003,0.345464319940163
14,"seaweeds",2003,0.345464319940163
7,"seaweeds",2003,0.345464319940163
1,"seaweeds",2003,0.345464319940163
8,"seaweeds",2003,0.345464319940163
9,"seaweeds",2003,0.345464319940163
10,"seaweeds",2003,0.345464319940163
13,"seaweeds",2003,0.345464319940163
12,"seaweeds",2003,0.345464319940163
6,"seaweeds",2003,0.345464319940163
2,"seaweeds",2004,0.294976976836594
11,"seaweeds",2004,0.294976976836594
5,"seaweeds",2004,0.294976976836594
4,"seaweeds",2004,0.294976976836594
3,"seaweeds",2004,0.294976976836594
14,"seaweeds",2004,0.294976976836594
7,"seaweeds",2004,0.294976976836594
1,"seaweeds",2004,0.294976976836594
8,"seaweeds",2004,0.294976976836594
9,"seaweeds",2004,0.294976976836594
10,"seaweeds",2004,0.294976976836594
13,"seaweeds",2004,0.294976976836594
12,"seaweeds",2004,0.294976976836594
6,"seaweeds",2004,0.294976976836594
2,"seaweeds",2005,0.31180609120445
11,"seaweeds",2005,0.31180609120445
5,"seaweeds",2005,0.31180609120445
4,"seaweeds",2005,0.31180609120445
3,"seaweeds",2005,0.31180609120445
14,"seaweeds",2005,0.31180609120445
7,"seaweeds",2005,0.31180609120445
1,"seaweeds",2005,0.31180609120445
8,"seaweeds",2005,0.31180609120445
9,"seaweeds",2005,0.31180609120445
10,"seaweeds",2005,0.31180609120445
13,"seaweeds",2005,0.31180609120445
12,"seaweeds",2005,0.31180609120445
6,"seaweeds",2005,0.31180609120445
2,"seaweeds",2006,0.360891008110698
11,"seaweeds",2006,0.360891008110698
5,"seaweeds",2006,0.360891008110698
4,"seaweeds",2006,0.360891008110698
3,"seaweeds",2006,0.360891008110698
14,"seaweeds",2006,0.360891008110698
7,"seaweeds",2006,0.360891008110698
1,"seaweeds",2006,0.360891008110698
8,"seaweeds",2006,0.360891008110698
9,"seaweeds",2006,0.360891008110698
10,"seaweeds",2006,0.360891008110698
13,"seaweeds",2006,0.360891008110698
12,"seaweeds",2006,0.360891008110698
6,"seaweeds",2006,0.360891008110698
2,"seaweeds",2007,0.43849192436248
11,"seaweeds",2007,0.43849192436248
5,"seaweeds",2007,0.43849192436248
4,"seaweeds",2007,0.43849192436248
3,"seaweeds",2007,0.43849192436248
14,"seaweeds",2007,0.43849192436248
7,"seaweeds",2007,0.43849192436248
1,"seaweeds",2007,0.43849192436248
8,"seaweeds",2007,0.43849192436248
9,"seaweeds",2007,0.43849192436248
10,"seaweeds",2007,0.43849192436248
13,"seaweeds",2007,0.43849192436248
12,"seaweeds",2007,0.43849192436248
6,"seaweeds",2007,0.43849192436248
2,"seaweeds",2008,0.683916508893719
11,"seaweeds",2008,0.683916508893719
5,"seaweeds",2008,0.683916508893719
4,"seaweeds",2008,0.683916508893719
3,"seaweeds",2008,0.683916508893719
14,"seaweeds",2008,0.683916508893719
7,"seaweeds",2008,0.683916508893719
1,"seaweeds",2008,0.683916508893719
8,"seaweeds",2008,0.683916508893719
9,"seaweeds",2008,0.683916508893719
10,"seaweeds",2008,0.683916508893719
13,"seaweeds",2008,0.683916508893719
12,"seaweeds",2008,0.683916508893719
6,"seaweeds",2008,0.683916508893719
2,"seaweeds",2009,0.864362012949069
11,"seaweeds",2009,0.864362012949069
5,"seaweeds",2009,0.864362012949069
4,"seaweeds",2009,0.864362012949069
3,"seaweeds",2009,0.864362012949069
14,"seaweeds",2009,0.864362012949069
7,"seaweeds",2009,0.864362012949069
1,"seaweeds",2009,0.864362012949069
8,"seaweeds",2009,0.864362012949069
9,"seaweeds",2009,0.864362012949069
10,"seaweeds",2009,0.864362012949069
13,"seaweeds",2009,0.864362012949069
12,"seaweeds",2009,0.864362012949069
6,"seaweeds",2009,0.864362012949069
2,"seaweeds",2010,1
11,"seaweeds",2010,1
5,"seaweeds",2010,1
4,"seaweeds",2010,1
3,"seaweeds",2010,1
14,"seaweeds",2010,1
7,"seaweeds",2010,1
1,"seaweeds",2010,1
8,"seaweeds",2010,1
9,"seaweeds",2010,1
10,"seaweeds",2010,1
13,"seaweeds",2010,1
12,"seaweeds",2010,1
6,"seaweeds",2010,1
2,"seaweeds",2011,1
11,"seaweeds",2011,1
5,"seaweeds",2011,1
4,"seaweeds",2011,1
3,"seaweeds",2011,1
14,"seaweeds",2011,1
7,"seaweeds",2011,1
1,"seaweeds",2011,1
8,"seaweeds",2011,1
9,"seaweeds",2011,1
10,"seaweeds",2011,1
13,"seaweeds",2011,1
12,"seaweeds",2011,1
6,"seaweeds",2011,1
2,"shells",1995,0.0452186424130312
11,"shells",1995,0.0452186424130312
5,"shells",1995,0.0452186424130312
4,"shells",1995,0.0452186424130312
3,"shells",1995,0.0452186424130312
14,"shells",1995,0.0452186424130312
7,"shells",1995,0.0452186424130312
1,"shells",1995,0.0452186424130312
8,"shells",1995,0.0452186424130312
9,"shells",1995,0.0452186424130312
10,"shells",1995,0.0452186424130312
13,"shells",1995,0.0452186424130312
12,"shells",1995,0.0452186424130312
6,"shells",1995,0.0452186424130312
2,"shells",1996,0.0369970710652073
11,"shells",1996,0.0369970710652073
5,"shells",1996,0.0369970710652073
4,"shells",1996,0.0369970710652073
3,"shells",1996,0.0369970710652073
14,"shells",1996,0.0369970710652073
7,"shells",1996,0.0369970710652073
1,"shells",1996,0.0369970710652073
8,"shells",1996,0.0369970710652073
9,"shells",1996,0.0369970710652073
10,"shells",1996,0.0369970710652073
13,"shells",1996,0.0369970710652073
12,"shells",1996,0.0369970710652073
6,"shells",1996,0.0369970710652073
2,"shells",1997,0.0955757669184523
11,"shells",1997,0.0955757669184523
5,"shells",1997,0.0955757669184523
4,"shells",1997,0.0955757669184523
3,"shells",1997,0.0955757669184523
14,"shells",1997,0.0955757669184523
7,"shells",1997,0.0955757669184523
1,"shells",1997,0.0955757669184523
8,"shells",1997,0.0955757669184523
9,"shells",1997,0.0955757669184523
10,"shells",1997,0.0955757669184523
13,"shells",1997,0.0955757669184523
12,"shells",1997,0.0955757669184523
6,"shells",1997,0.0955757669184523
2,"shells",1998,0.138739016494527
11,"shells",1998,0.138739016494527
5,"shells",1998,0.138739016494527
4,"shells",1998,0.138739016494527
3,"shells",1998,0.138739016494527
14,"shells",1998,0.138739016494527
7,"shells",1998,0.138739016494527
1,"shells",1998,0.138739016494527
8,"shells",1998,0.138739016494527
9,"shells",1998,0.138739016494527
10,"shells",1998,0.138739016494527
13,"shells",1998,0.138739016494527
12,"shells",1998,0.138739016494527
6,"shells",1998,0.138739016494527
2,"shells",1999,0.274394943733621
11,"shells",1999,0.274394943733621
5,"shells",1999,0.274394943733621
4,"shells",1999,0.274394943733621
3,"shells",1999,0.274394943733621
14,"shells",1999,0.274394943733621
7,"shells",1999,0.274394943733621
1,"shells",1999,0.274394943733621
8,"shells",1999,0.274394943733621
9,"shells",1999,0.274394943733621
10,"shells",1999,0.274394943733621
13,"shells",1999,0.274394943733621
12,"shells",1999,0.274394943733621
6,"shells",1999,0.274394943733621
2,"shells",2000,0.598119315554185
11,"shells",2000,0.598119315554185
5,"shells",2000,0.598119315554185
4,"shells",2000,0.598119315554185
3,"shells",2000,0.598119315554185
14,"shells",2000,0.598119315554185
7,"shells",2000,0.598119315554185
1,"shells",2000,0.598119315554185
8,"shells",2000,0.598119315554185
9,"shells",2000,0.598119315554185
10,"shells",2000,0.598119315554185
13,"shells",2000,0.598119315554185
12,"shells",2000,0.598119315554185
6,"shells",2000,0.598119315554185
2,"shells",2001,0.887929705564976
11,"shells",2001,0.887929705564976
5,"shells",2001,0.887929705564976
4,"shells",2001,0.887929705564976
3,"shells",2001,0.887929705564976
14,"shells",2001,0.887929705564976
7,"shells",2001,0.887929705564976
1,"shells",2001,0.887929705564976
8,"shells",2001,0.887929705564976
9,"shells",2001,0.887929705564976
10,"shells",2001,0.887929705564976
13,"shells",2001,0.887929705564976
12,"shells",2001,0.887929705564976
6,"shells",2001,0.887929705564976
2,"shells",2002,0.918760598119316
11,"shells",2002,0.918760598119316
5,"shells",2002,0.918760598119316
4,"shells",2002,0.918760598119316
3,"shells",2002,0.918760598119316
14,"shells",2002,0.918760598119316
7,"shells",2002,0.918760598119316
1,"shells",2002,0.918760598119316
8,"shells",2002,0.918760598119316
9,"shells",2002,0.918760598119316
10,"shells",2002,0.918760598119316
13,"shells",2002,0.918760598119316
12,"shells",2002,0.918760598119316
6,"shells",2002,0.918760598119316
2,"shells",2003,1
11,"shells",2003,1
5,"shells",2003,1
4,"shells",2003,1
3,"shells",2003,1
14,"shells",2003,1
7,"shells",2003,1
1,"shells",2003,1
8,"shells",2003,1
9,"shells",2003,1
10,"shells",2003,1
13,"shells",2003,1
12,"shells",2003,1
6,"shells",2003,1
2,"shells",2004,0.897178973331278
11,"shells",2004,0.897178973331278
5,"shells",2004,0.897178973331278
4,"shells",2004,0.897178973331278
3,"shells",2004,0.897178973331278
14,"shells",2004,0.897178973331278
7,"shells",2004,0.897178973331278
1,"shells",2004,0.897178973331278
8,"shells",2004,0.897178973331278
9,"shells",2004,0.897178973331278
10,"shells",2004,0.897178973331278
13,"shells",2004,0.897178973331278
12,"shells",2004,0.897178973331278
6,"shells",2004,0.897178973331278
2,"shells",2005,0.897178973331278
11,"shells",2005,0.897178973331278
5,"shells",2005,0.897178973331278
4,"shells",2005,0.897178973331278
3,"shells",2005,0.897178973331278
14,"shells",2005,0.897178973331278
7,"shells",2005,0.897178973331278
1,"shells",2005,0.897178973331278
8,"shells",2005,0.897178973331278
9,"shells",2005,0.897178973331278
10,"shells",2005,0.897178973331278
13,"shells",2005,0.897178973331278
12,"shells",2005,0.897178973331278
6,"shells",2005,0.897178973331278
2,"shells",2006,1
11,"shells",2006,1
5,"shells",2006,1
4,"shells",2006,1
3,"shells",2006,1
14,"shells",2006,1
7,"shells",2006,1
1,"shells",2006,1
8,"shells",2006,1
9,"shells",2006,1
10,"shells",2006,1
13,"shells",2006,1
12,"shells",2006,1
6,"shells",2006,1
2,"shells",2007,1
11,"shells",2007,1
5,"shells",2007,1
4,"shells",2007,1
3,"shells",2007,1
14,"shells",2007,1
7,"shells",2007,1
1,"shells",2007,1
8,"shells",2007,1
9,"shells",2007,1
10,"shells",2007,1
13,"shells",2007,1
12,"shells",2007,1
6,"shells",2007,1
2,"shells",2008,1
11,"shells",2008,1
5,"shells",2008,1
4,"shells",2008,1
3,"shells",2008,1
14,"shells",2008,1
7,"shells",2008,1
1,"shells",2008,1
8,"shells",2008,1
9,"shells",2008,1
10,"shells",2008,1
13,"shells",2008,1
12,"shells",2008,1
6,"shells",2008,1
2,"shells",2009,1
11,"shells",2009,1
5,"shells",2009,1
4,"shells",2009,1
3,"shells",2009,1
14,"shells",2009,1
7,"shells",2009,1
1,"shells",2009,1
8,"shells",2009,1
9,"shells",2009,1
10,"shells",2009,1
13,"shells",2009,1
12,"shells",2009,1
6,"shells",2009,1
2,"shells",2010,0.735830635630235
11,"shells",2010,0.735830635630235
5,"shells",2010,0.735830635630235
4,"shells",2010,0.735830635630235
3,"shells",2010,0.735830635630235
14,"shells",2010,0.735830635630235
7,"shells",2010,0.735830635630235
1,"shells",2010,0.735830635630235
8,"shells",2010,0.735830635630235
9,"shells",2010,0.735830635630235
10,"shells",2010,0.735830635630235
13,"shells",2010,0.735830635630235
12,"shells",2010,0.735830635630235
6,"shells",2010,0.735830635630235
2,"shells",2011,0.363804532141205
11,"shells",2011,0.363804532141205
5,"shells",2011,0.363804532141205
4,"shells",2011,0.363804532141205
3,"shells",2011,0.363804532141205
14,"shells",2011,0.363804532141205
7,"shells",2011,0.363804532141205
1,"shells",2011,0.363804532141205
8,"shells",2011,0.363804532141205
9,"shells",2011,0.363804532141205
10,"shells",2011,0.363804532141205
13,"shells",2011,0.363804532141205
12,"shells",2011,0.363804532141205
6,"shells",2011,0.363804532141205
2,"sponges",1994,0.302197802197802
11,"sponges",1994,0.302197802197802
5,"sponges",1994,0.302197802197802
4,"sponges",1994,0.302197802197802
3,"sponges",1994,0.302197802197802
14,"sponges",1994,0.302197802197802
7,"sponges",1994,0.302197802197802
1,"sponges",1994,0.302197802197802
8,"sponges",1994,0.302197802197802
9,"sponges",1994,0.302197802197802
10,"sponges",1994,0.302197802197802
13,"sponges",1994,0.302197802197802
12,"sponges",1994,0.302197802197802
6,"sponges",1994,0.302197802197802
2,"sponges",1995,0.326236263736264
11,"sponges",1995,0.326236263736264
5,"sponges",1995,0.326236263736264
4,"sponges",1995,0.326236263736264
3,"sponges",1995,0.326236263736264
14,"sponges",1995,0.326236263736264
7,"sponges",1995,0.326236263736264
1,"sponges",1995,0.326236263736264
8,"sponges",1995,0.326236263736264
9,"sponges",1995,0.326236263736264
10,"sponges",1995,0.326236263736264
13,"sponges",1995,0.326236263736264
12,"sponges",1995,0.326236263736264
6,"sponges",1995,0.326236263736264
2,"sponges",1996,0.233516483516484
11,"sponges",1996,0.233516483516484
5,"sponges",1996,0.233516483516484
4,"sponges",1996,0.233516483516484
3,"sponges",1996,0.233516483516484
14,"sponges",1996,0.233516483516484
7,"sponges",1996,0.233516483516484
1,"sponges",1996,0.233516483516484
8,"sponges",1996,0.233516483516484
9,"sponges",1996,0.233516483516484
10,"sponges",1996,0.233516483516484
13,"sponges",1996,0.233516483516484
12,"sponges",1996,0.233516483516484
6,"sponges",1996,0.233516483516484
2,"sponges",1997,0.315934065934066
11,"sponges",1997,0.315934065934066
5,"sponges",1997,0.315934065934066
4,"sponges",1997,0.315934065934066
3,"sponges",1997,0.315934065934066
14,"sponges",1997,0.315934065934066
7,"sponges",1997,0.315934065934066
1,"sponges",1997,0.315934065934066
8,"sponges",1997,0.315934065934066
9,"sponges",1997,0.315934065934066
10,"sponges",1997,0.315934065934066
13,"sponges",1997,0.315934065934066
12,"sponges",1997,0.315934065934066
6,"sponges",1997,0.315934065934066
2,"sponges",1998,0.257554945054945
11,"sponges",1998,0.257554945054945
5,"sponges",1998,0.257554945054945
4,"sponges",1998,0.257554945054945
3,"sponges",1998,0.257554945054945
14,"sponges",1998,0.257554945054945
7,"sponges",1998,0.257554945054945
1,"sponges",1998,0.257554945054945
8,"sponges",1998,0.257554945054945
9,"sponges",1998,0.257554945054945
10,"sponges",1998,0.257554945054945
13,"sponges",1998,0.257554945054945
12,"sponges",1998,0.257554945054945
6,"sponges",1998,0.257554945054945
2,"sponges",1999,0.223214285714286
11,"sponges",1999,0.223214285714286
5,"sponges",1999,0.223214285714286
4,"sponges",1999,0.223214285714286
3,"sponges",1999,0.223214285714286
14,"sponges",1999,0.223214285714286
7,"sponges",1999,0.223214285714286
1,"sponges",1999,0.223214285714286
8,"sponges",1999,0.223214285714286
9,"sponges",1999,0.223214285714286
10,"sponges",1999,0.223214285714286
13,"sponges",1999,0.223214285714286
12,"sponges",1999,0.223214285714286
6,"sponges",1999,0.223214285714286
2,"sponges",2000,0.206043956043956
11,"sponges",2000,0.206043956043956
5,"sponges",2000,0.206043956043956
4,"sponges",2000,0.206043956043956
3,"sponges",2000,0.206043956043956
14,"sponges",2000,0.206043956043956
7,"sponges",2000,0.206043956043956
1,"sponges",2000,0.206043956043956
8,"sponges",2000,0.206043956043956
9,"sponges",2000,0.206043956043956
10,"sponges",2000,0.206043956043956
13,"sponges",2000,0.206043956043956
12,"sponges",2000,0.206043956043956
6,"sponges",2000,0.206043956043956
2,"sponges",2001,0.140796703296703
11,"sponges",2001,0.140796703296703
5,"sponges",2001,0.140796703296703
4,"sponges",2001,0.140796703296703
3,"sponges",2001,0.140796703296703
14,"sponges",2001,0.140796703296703
7,"sponges",2001,0.140796703296703
1,"sponges",2001,0.140796703296703
8,"sponges",2001,0.140796703296703
9,"sponges",2001,0.140796703296703
10,"sponges",2001,0.140796703296703
13,"sponges",2001,0.140796703296703
12,"sponges",2001,0.140796703296703
6,"sponges",2001,0.140796703296703
2,"sponges",2002,0.133928571428571
11,"sponges",2002,0.133928571428571
5,"sponges",2002,0.133928571428571
4,"sponges",2002,0.133928571428571
3,"sponges",2002,0.133928571428571
14,"sponges",2002,0.133928571428571
7,"sponges",2002,0.133928571428571
1,"sponges",2002,0.133928571428571
8,"sponges",2002,0.133928571428571
9,"sponges",2002,0.133928571428571
10,"sponges",2002,0.133928571428571
13,"sponges",2002,0.133928571428571
12,"sponges",2002,0.133928571428571
6,"sponges",2002,0.133928571428571
2,"sponges",2003,0.116758241758242
11,"sponges",2003,0.116758241758242
5,"sponges",2003,0.116758241758242
4,"sponges",2003,0.116758241758242
3,"sponges",2003,0.116758241758242
14,"sponges",2003,0.116758241758242
7,"sponges",2003,0.116758241758242
1,"sponges",2003,0.116758241758242
8,"sponges",2003,0.116758241758242
9,"sponges",2003,0.116758241758242
10,"sponges",2003,0.116758241758242
13,"sponges",2003,0.116758241758242
12,"sponges",2003,0.116758241758242
6,"sponges",2003,0.116758241758242
2,"sponges",2004,0.164835164835165
11,"sponges",2004,0.164835164835165
5,"sponges",2004,0.164835164835165
4,"sponges",2004,0.164835164835165
3,"sponges",2004,0.164835164835165
14,"sponges",2004,0.164835164835165
7,"sponges",2004,0.164835164835165
1,"sponges",2004,0.164835164835165
8,"sponges",2004,0.164835164835165
9,"sponges",2004,0.164835164835165
10,"sponges",2004,0.164835164835165
13,"sponges",2004,0.164835164835165
12,"sponges",2004,0.164835164835165
6,"sponges",2004,0.164835164835165
2,"sponges",2005,0.154532967032967
11,"sponges",2005,0.154532967032967
5,"sponges",2005,0.154532967032967
4,"sponges",2005,0.154532967032967
3,"sponges",2005,0.154532967032967
14,"sponges",2005,0.154532967032967
7,"sponges",2005,0.154532967032967
1,"sponges",2005,0.154532967032967
8,"sponges",2005,0.154532967032967
9,"sponges",2005,0.154532967032967
10,"sponges",2005,0.154532967032967
13,"sponges",2005,0.154532967032967
12,"sponges",2005,0.154532967032967
6,"sponges",2005,0.154532967032967
2,"sponges",2006,0.216346153846154
11,"sponges",2006,0.216346153846154
5,"sponges",2006,0.216346153846154
4,"sponges",2006,0.216346153846154
3,"sponges",2006,0.216346153846154
14,"sponges",2006,0.216346153846154
7,"sponges",2006,0.216346153846154
1,"sponges",2006,0.216346153846154
8,"sponges",2006,0.216346153846154
9,"sponges",2006,0.216346153846154
10,"sponges",2006,0.216346153846154
13,"sponges",2006,0.216346153846154
12,"sponges",2006,0.216346153846154
6,"sponges",2006,0.216346153846154
2,"sponges",2007,0.504807692307692
11,"sponges",2007,0.504807692307692
5,"sponges",2007,0.504807692307692
4,"sponges",2007,0.504807692307692
3,"sponges",2007,0.504807692307692
14,"sponges",2007,0.504807692307692
7,"sponges",2007,0.504807692307692
1,"sponges",2007,0.504807692307692
8,"sponges",2007,0.504807692307692
9,"sponges",2007,0.504807692307692
10,"sponges",2007,0.504807692307692
13,"sponges",2007,0.504807692307692
12,"sponges",2007,0.504807692307692
6,"sponges",2007,0.504807692307692
2,"sponges",2008,0.910027472527473
11,"sponges",2008,0.910027472527473
5,"sponges",2008,0.910027472527473
4,"sponges",2008,0.910027472527473
3,"sponges",2008,0.910027472527473
14,"sponges",2008,0.910027472527473
7,"sponges",2008,0.910027472527473
1,"sponges",2008,0.910027472527473
8,"sponges",2008,0.910027472527473
9,"sponges",2008,0.910027472527473
10,"sponges",2008,0.910027472527473
13,"sponges",2008,0.910027472527473
12,"sponges",2008,0.910027472527473
6,"sponges",2008,0.910027472527473
2,"sponges",2009,1
11,"sponges",2009,1
5,"sponges",2009,1
4,"sponges",2009,1
3,"sponges",2009,1
14,"sponges",2009,1
7,"sponges",2009,1
1,"sponges",2009,1
8,"sponges",2009,1
9,"sponges",2009,1
10,"sponges",2009,1
13,"sponges",2009,1
12,"sponges",2009,1
6,"sponges",2009,1
2,"sponges",2010,1
11,"sponges",2010,1
5,"sponges",2010,1
4,"sponges",2010,1
3,"sponges",2010,1
14,"sponges",2010,1
7,"sponges",2010,1
1,"sponges",2010,1
8,"sponges",2010,1
9,"sponges",2010,1
10,"sponges",2010,1
13,"sponges",2010,1
12,"sponges",2010,1
6,"sponges",2010,1
2,"sponges",2011,1
11,"sponges",2011,1
5,"sponges",2011,1
4,"sponges",2011,1
3,"sponges",2011,1
14,"sponges",2011,1
7,"sponges",2011,1
1,"sponges",2011,1
8,"sponges",2011,1
9,"sponges",2011,1
10,"sponges",2011,1
13,"sponges",2011,1
12,"sponges",2011,1
6,"sponges",2011,1
